"Name","ID","State","Notes","Tags","Created","Runtime","adjacency_matrix","model","seed","training_seed","learn_scm_params","fixed_params_sharing","initialize_scm_at_gt","lr","gradient_clip_val","lr_scheduler","batch_size","flow_type","k_flows","adjacency_misspecified","exact_trace","fix_mechanisms","check_val_every_n_epoch","checkpoint_root_dir","copy_checkpoint","dgp","input_dim","latent_dim","max_epochs","intervention_type","noise_distr","noise_shift_type","scm_scale","shift_noise","val_plots_every_n_epoch","validation_plots","checkpoint_path","coeff_values","weight_decay","mixing","n_nonlinearities","data_seed","distribution_trainable","intervention_targets_per_env","lr_min","scm_coeffs_low","scm_coeffs_min_abs_value","adjacency_misspec","net_hidden_dim","net_hidden_layers","residual_n_power_series","scm_coeffs_high","brute_force","brute_force_log_det","function_misspec","det_terms_loss","det_terms_loss/dataloader_idx_0","epoch","jacobian_gt_log_det","jacobian_gt_log_det/dataloader_idx_0","jacobian_gt_mean","jacobian_gt_mean/dataloader_idx_0","jacobian_log_det","jacobian_log_det/dataloader_idx_0","jacobian_mean","jacobian_mean/dataloader_idx_0","loss","loss/dataloader_idx_0","mcc/dataloader_idx_0","prob_terms_loss","prob_terms_loss/dataloader_idx_0","test_amari/dataloader_idx_0","test_amari_distance/dataloader_idx_0","test_det_terms_loss/dataloader_idx_0","test_jacobian_gt_logdet/dataloader_idx_0","test_jacobian_gt_mean/dataloader_idx_0","test_jacobian_logdet/dataloader_idx_0","test_jacobian_mean/dataloader_idx_0","test_loss/dataloader_idx_0","test_loss_gt/dataloader_idx_0","test_mcc/dataloader_idx_0","test_prob_terms_loss/dataloader_idx_0","train_det_terms_loss","train_det_terms_loss_gt","train_jacobian_gt_logdet","train_jacobian_gt_mean","train_jacobian_logdet","train_jacobian_mean","train_loss","train_loss/dataloader_idx_0","train_loss_gt","train_prob_terms_loss","train_prob_terms_loss_gt","train_v_hat_mean","train_v_hat_std","train_v_mean","train_v_std","trainer/global_step","val_amari/dataloader_idx_0","val_amari_distance/dataloader_idx_0","val_det_terms_loss/dataloader_idx_0","val_jacobian_gt_logdet/dataloader_idx_0","val_jacobian_gt_mean/dataloader_idx_0","val_jacobian_logdet/dataloader_idx_0","val_jacobian_mean/dataloader_idx_0","val_loss/dataloader_idx_0","val_loss_gt/dataloader_idx_0","val_mcc/dataloader_idx_0","val_prob_terms_loss/dataloader_idx_0","val_determinant_terms","val_determinant_terms_gt","val_loss","val_loss_gt","val_mcc","val_prob_terms","val_prob_terms_gt","val_mcc_0","val_mcc_1","val_mcc_2","val_mcc_3","q0_coeffs_0_0","q0_coeffs_1_0","q0_coeffs_1_1","q0_coeffs_2_0","q0_coeffs_2_1","q0_coeffs_2_2","q0_coeffs_3_0","q0_coeffs_3_1","q0_coeffs_3_2","q0_coeffs_3_3","q0_coeffs_gt_0_0","q0_coeffs_gt_1_0","q0_coeffs_gt_1_1","q0_coeffs_gt_2_0","q0_coeffs_gt_2_1","q0_coeffs_gt_2_2","q0_coeffs_gt_3_0","q0_coeffs_gt_3_1","q0_coeffs_gt_3_2","q0_coeffs_gt_3_3","q0_noise_means_0_0","q0_noise_means_0_1","q0_noise_means_0_2","q0_noise_means_0_3","q0_noise_means_1_0","q0_noise_means_1_1","q0_noise_means_1_2","q0_noise_means_1_3","q0_noise_means_2_0","q0_noise_means_2_1","q0_noise_means_2_2","q0_noise_means_2_3","q0_noise_means_3_0","q0_noise_means_3_1","q0_noise_means_3_2","q0_noise_means_3_3","q0_noise_means_4_0","q0_noise_means_4_1","q0_noise_means_4_2","q0_noise_means_4_3","q0_noise_means_gt_0_0","q0_noise_means_gt_0_1","q0_noise_means_gt_0_2","q0_noise_means_gt_0_3","q0_noise_means_gt_1_0","q0_noise_means_gt_1_1","q0_noise_means_gt_1_2","q0_noise_means_gt_1_3","q0_noise_means_gt_2_0","q0_noise_means_gt_2_1","q0_noise_means_gt_2_2","q0_noise_means_gt_2_3","q0_noise_means_gt_3_0","q0_noise_means_gt_3_1","q0_noise_means_gt_3_2","q0_noise_means_gt_3_3","q0_noise_means_gt_4_0","q0_noise_means_gt_4_1","q0_noise_means_gt_4_2","q0_noise_means_gt_4_3","q0_noise_stds_0_0","q0_noise_stds_0_1","q0_noise_stds_0_2","q0_noise_stds_0_3","q0_noise_stds_1_0","q0_noise_stds_1_1","q0_noise_stds_1_2","q0_noise_stds_1_3","q0_noise_stds_2_0","q0_noise_stds_2_1","q0_noise_stds_2_2","q0_noise_stds_2_3","q0_noise_stds_3_0","q0_noise_stds_3_1","q0_noise_stds_3_2","q0_noise_stds_3_3","q0_noise_stds_4_0","q0_noise_stds_4_1","q0_noise_stds_4_2","q0_noise_stds_4_3","q0_noise_stds_gt_0_0","q0_noise_stds_gt_0_1","q0_noise_stds_gt_0_2","q0_noise_stds_gt_0_3","q0_noise_stds_gt_1_0","q0_noise_stds_gt_1_1","q0_noise_stds_gt_1_2","q0_noise_stds_gt_1_3","q0_noise_stds_gt_2_0","q0_noise_stds_gt_2_1","q0_noise_stds_gt_2_2","q0_noise_stds_gt_2_3","q0_noise_stds_gt_3_0","q0_noise_stds_gt_3_1","q0_noise_stds_gt_3_2","q0_noise_stds_gt_3_3","q0_noise_stds_gt_4_0","q0_noise_stds_gt_4_1","q0_noise_stds_gt_4_2","q0_noise_stds_gt_4_3","test_loss","test_mcc","test_mcc_0","test_mcc_1","test_mcc_2","test_mcc_3","q0_noise_means_5_0","q0_noise_means_5_1","q0_noise_means_5_2","q0_noise_means_5_3","q0_noise_means_6_0","q0_noise_means_6_1","q0_noise_means_6_2","q0_noise_means_6_3","q0_noise_means_7_0","q0_noise_means_7_1","q0_noise_means_7_2","q0_noise_means_7_3","q0_noise_means_8_0","q0_noise_means_8_1","q0_noise_means_8_2","q0_noise_means_8_3","q0_noise_means_gt_5_0","q0_noise_means_gt_5_1","q0_noise_means_gt_5_2","q0_noise_means_gt_5_3","q0_noise_means_gt_6_0","q0_noise_means_gt_6_1","q0_noise_means_gt_6_2","q0_noise_means_gt_6_3","q0_noise_means_gt_7_0","q0_noise_means_gt_7_1","q0_noise_means_gt_7_2","q0_noise_means_gt_7_3","q0_noise_means_gt_8_0","q0_noise_means_gt_8_1","q0_noise_means_gt_8_2","q0_noise_means_gt_8_3","q0_noise_stds_5_0","q0_noise_stds_5_1","q0_noise_stds_5_2","q0_noise_stds_5_3","q0_noise_stds_6_0","q0_noise_stds_6_1","q0_noise_stds_6_2","q0_noise_stds_6_3","q0_noise_stds_7_0","q0_noise_stds_7_1","q0_noise_stds_7_2","q0_noise_stds_7_3","q0_noise_stds_8_0","q0_noise_stds_8_1","q0_noise_stds_8_2","q0_noise_stds_8_3","q0_noise_stds_gt_5_0","q0_noise_stds_gt_5_1","q0_noise_stds_gt_5_2","q0_noise_stds_gt_5_3","q0_noise_stds_gt_6_0","q0_noise_stds_gt_6_1","q0_noise_stds_gt_6_2","q0_noise_stds_gt_6_3","q0_noise_stds_gt_7_0","q0_noise_stds_gt_7_1","q0_noise_stds_gt_7_2","q0_noise_stds_gt_7_3","q0_noise_stds_gt_8_0","q0_noise_stds_gt_8_1","q0_noise_stds_gt_8_2","q0_noise_stds_gt_8_3","val_mcc_pearson","val_mcc_pearson_0","val_mcc_pearson_1","val_mcc_pearson_2","val_mcc_pearson_3","val_mcc_spearman","val_mcc_spearman_0","val_mcc_spearman_1","val_mcc_spearman_2","val_mcc_spearman_3","q0_coeffs_4_0","q0_coeffs_4_1","q0_coeffs_4_2","q0_coeffs_4_3","q0_coeffs_5_0","q0_coeffs_5_1","q0_coeffs_5_2","q0_coeffs_5_3","q0_coeffs_5_4","q0_coeffs_6_0","q0_coeffs_6_1","q0_coeffs_6_2","q0_coeffs_6_3","q0_coeffs_gt_4_0","q0_coeffs_gt_4_1","q0_coeffs_gt_4_2","q0_coeffs_gt_4_3","q0_coeffs_gt_5_0","q0_coeffs_gt_5_1","q0_coeffs_gt_5_2","q0_coeffs_gt_5_3","q0_coeffs_gt_5_4","q0_coeffs_gt_6_0","q0_coeffs_gt_6_1","q0_coeffs_gt_6_2","q0_coeffs_gt_6_3","q0_noise_means_0_4","q0_noise_means_0_5","q0_noise_means_0_6","q0_noise_means_1_4","q0_noise_means_1_5","q0_noise_means_1_6","q0_noise_means_2_4","q0_noise_means_2_5","q0_noise_means_2_6","q0_noise_means_3_4","q0_noise_means_3_5","q0_noise_means_3_6","q0_noise_means_4_4","q0_noise_means_4_5","q0_noise_means_4_6","q0_noise_means_5_4","q0_noise_means_5_5","q0_noise_means_5_6","q0_noise_means_6_4","q0_noise_means_6_5","q0_noise_means_6_6","q0_noise_means_7_4","q0_noise_means_7_5","q0_noise_means_7_6","q0_noise_means_gt_0_4","q0_noise_means_gt_0_5","q0_noise_means_gt_0_6","q0_noise_means_gt_1_4","q0_noise_means_gt_1_5","q0_noise_means_gt_1_6","q0_noise_means_gt_2_4","q0_noise_means_gt_2_5","q0_noise_means_gt_2_6","q0_noise_means_gt_3_4","q0_noise_means_gt_3_5","q0_noise_means_gt_3_6","q0_noise_means_gt_4_4","q0_noise_means_gt_4_5","q0_noise_means_gt_4_6","q0_noise_means_gt_5_4","q0_noise_means_gt_5_5","q0_noise_means_gt_5_6","q0_noise_means_gt_6_4","q0_noise_means_gt_6_5","q0_noise_means_gt_6_6","q0_noise_means_gt_7_4","q0_noise_means_gt_7_5","q0_noise_means_gt_7_6","q0_noise_stds_0_4","q0_noise_stds_0_5","q0_noise_stds_0_6","q0_noise_stds_1_4","q0_noise_stds_1_5","q0_noise_stds_1_6","q0_noise_stds_2_4","q0_noise_stds_2_5","q0_noise_stds_2_6","q0_noise_stds_3_4","q0_noise_stds_3_5","q0_noise_stds_3_6","q0_noise_stds_4_4","q0_noise_stds_4_5","q0_noise_stds_4_6","q0_noise_stds_5_4","q0_noise_stds_5_5","q0_noise_stds_5_6","q0_noise_stds_6_4","q0_noise_stds_6_5","q0_noise_stds_6_6","q0_noise_stds_7_4","q0_noise_stds_7_5","q0_noise_stds_7_6","q0_noise_stds_gt_0_4","q0_noise_stds_gt_0_5","q0_noise_stds_gt_0_6","q0_noise_stds_gt_1_4","q0_noise_stds_gt_1_5","q0_noise_stds_gt_1_6","q0_noise_stds_gt_2_4","q0_noise_stds_gt_2_5","q0_noise_stds_gt_2_6","q0_noise_stds_gt_3_4","q0_noise_stds_gt_3_5","q0_noise_stds_gt_3_6","q0_noise_stds_gt_4_4","q0_noise_stds_gt_4_5","q0_noise_stds_gt_4_6","q0_noise_stds_gt_5_4","q0_noise_stds_gt_5_5","q0_noise_stds_gt_5_6","q0_noise_stds_gt_6_4","q0_noise_stds_gt_6_5","q0_noise_stds_gt_6_6","q0_noise_stds_gt_7_4","q0_noise_stds_gt_7_5","q0_noise_stds_gt_7_6","test_mcc_4","test_mcc_5","test_mcc_6","val_mcc_4","val_mcc_5","val_mcc_6","val_mcc_spearman_4","val_mcc_spearman_5","val_mcc_spearman_6"
"rose-snowflake-1562","14oomgpd","finished","select1","","2023-05-16T07:49:23.000Z","28919","[[0,0,1,0],[0,0,0,1],[0,0,0,1],[0,0,0,0]]","nonlinear","2","2","true","true","false","0.0005","","cosine","4096","spline","12","true","false","true","1","/home/akekic/repos/multi-env-crl/checkpoints_ica","false","graph-4-random-1","","4","150","perfect-stochastic","gaussian","mean","10","true","0","true","","[""1.0"",""1.0"",[-4.978588104248047,1],[2.171351432800293,-2.238292694091797,1]]","0","nonlinear","3","","true","[[0,0,0,0],[1,0,0,0],[0,1,0,0],[0,0,1,0],[0,0,0,1]]","1e-7","-5","","true","128","3","","5","false","false","false","","","149","","","","","","","","","","","","","","","","","","","","","","","","","","","","","","","-17.175426483154297","","","","","","","","","29400","","","","","","","","","","","","17.435211181640625","","-17.435211181640625","97.15047454833984","0.4965619444847107","-3.601861476898194","-120.69879913330078","0.7935088276863098","0.8620844483375549","0.2576429545879364","0.07301157712936401","0.8715808987617493","0.7119312882423401","","0.7861841320991516","","","0.5758481025695801","","","","1","1","","-4.978588104248047","1","","2.171351432800293","-2.238292694091797","1","","0.11469507217407228","-0.11898714303970336","0.13711434602737427","-0.025538921356201172","-1.0172256231307983","0.11903637647628784","-0.05746734142303467","-0.40423136949539185","0.11415719985961914","-1.9661786556243896","0.06571400165557861","0.033228933811187744","-0.10994917154312134","0.4088484644889831","0.7128649950027466","0.20733922719955444","0.21159738302230835","-0.29496580362319946","-0.19221723079681396","3.279148578643799","0","0","0","0","2","0","0","0","0","2","0","0","0","0","2","0","0","0","0","2","0.5102612972259521","0.966040849685669","0.9603751301765442","1.3546547889709473","0.7131193280220032","1.131658911705017","0.9759981632232666","0.7200266122817993","0.7166048884391785","0.9512659907341005","0.5457977652549744","0.6755088567733765","1.117674469947815","1.3290729522705078","0.28037330508232117","0.7708051204681396","1.2197418212890625","0.8080636858940125","0.889240562915802","0.7791802883148193","1","1","1","1","1","1","1","1","1","1","1","1","1","1","1","1","1","1","1","1","-17.368900299072266","0.4964110553264618","0.7908639907836914","0.8630969524383545","0.25427672266960144","0.07740652561187744","","","","","","","","","","","","","","","","","","","","","","","","","","","","","","","","","","","","","","","","","","","","","","","","","","","","","","","","","","","","","","","","","","","","","","0.4890131652355194","0.7293773889541626","0.8413684964179993","0.339255154132843","0.04605155810713768","","","","","","","","","","","","","","","","","","","","","","","","","","","","","","","","","","","","","","","","","","","","","","","","","","","","","","","","","","","","","","","","","","","","","","","","","","","","","","","","","","","","","","","","","","","","","","","","","","","","","","","","","","","","","","","","","","","","","","","","","","","","","","","","","","",""
"icy-valley-1514","1gdqqxmz","finished","select1","","2023-05-16T07:44:08.000Z","27973","[[0,1,1,1],[0,0,1,0],[0,0,0,0],[0,0,0,0]]","nonlinear","4","0","true","true","false","0.0005","","cosine","4096","spline","12","true","false","true","1","/home/akekic/repos/multi-env-crl/checkpoints_ica","false","graph-4-random-1","","4","150","perfect-stochastic","gaussian","mean","10","true","0","true","","[""1.0"",[-0.4904913902282715,1],[3.124129295349121,0.28152942657470703,1],[1.94734525680542,1]]","0","nonlinear","3","","true","[[0,0,0,0],[1,0,0,0],[0,1,0,0],[0,0,1,0],[0,0,0,1]]","1e-7","-5","","true","128","3","","5","false","false","false","","","149","","","","","","","","","","","","","","","","","","","","","","","","","","","","","","","-9.828119277954102","","","","","","","","","29400","","","","","","","","","","","","9.777545928955078","","-9.777545928955078","0.6214074492454529","0.5537390112876892","-3.7092514038085938","-16.172624588012695","0.8355540037155151","0.9017991423606871","0.1793741136789322","0.29822880029678345","0.5227641463279724","0.5094993114471436","","0.6792718172073364","","","0.3387492001056671","","","","1","-0.4904913902282715","1","3.124129295349121","0.28152942657470703","1","1.94734525680542","1","","","-0.003743410110473633","0.26822179555892944","-0.4115225672721863","-0.3679695129394531","2.510605573654175","0.13407868146896362","-0.0099065899848938","0.3964447379112244","-0.04437202215194702","3.044950246810913","-0.15110653638839722","-0.09828269481658936","-0.4776742458343506","-0.33114105463027954","1.389125108718872","0.018521785736083984","0.19766759872436523","0.30001139640808105","-0.3389705419540405","2.418199300765991","0","0","0","0","2","0","0","0","0","2","0","0","0","0","2","0","0","0","0","2","1.1816085577011108","1.415194034576416","0.8970999121665955","1.374155879020691","1.5314236879348757","1.0529069900512695","1.4527380466461182","0.5361648201942444","0.6852310299873352","1.3228267431259155","0.8051000237464905","1.4320003986358645","0.6759101748466492","0.7698335647583008","0.960724949836731","0.5317195057868958","0.7081297636032104","1.4297990798950195","1.223109245300293","1.8643704652786257","1","1","1","1","1","1","1","1","1","1","1","1","1","1","1","1","1","1","1","1","-9.773716926574709","0.5534849762916565","0.8347285389900208","0.90146142244339","0.1807001382112503","0.2970498204231262","","","","","","","","","","","","","","","","","","","","","","","","","","","","","","","","","","","","","","","","","","","","","","","","","","","","","","","","","","","","","","","","","","","","","","0.5646644234657288","0.7780665159225464","0.8916606903076172","0.2331172525882721","0.3558131754398346","","","","","","","","","","","","","","","","","","","","","","","","","","","","","","","","","","","","","","","","","","","","","","","","","","","","","","","","","","","","","","","","","","","","","","","","","","","","","","","","","","","","","","","","","","","","","","","","","","","","","","","","","","","","","","","","","","","","","","","","","","","","","","","","","","",""
"glamorous-resonance-1532","1n634m87","finished","select1","","2023-05-16T07:44:20.000Z","19464","[[0,1,0,0],[0,0,0,0],[0,0,0,1],[0,0,0,0]]","nonlinear","9","0","true","true","false","0.0005","","cosine","4096","spline","12","true","false","true","1","/home/akekic/repos/multi-env-crl/checkpoints_ica","false","graph-4-random-1","","4","150","perfect-stochastic","gaussian","mean","10","true","0","true","","[""1.0"",[-0.7014942169189453,1],""1.0"",[0.17107105255126953,1]]","0","nonlinear","3","","true","[[0,0,0,0],[1,0,0,0],[0,1,0,0],[0,0,1,0],[0,0,0,1]]","1e-7","-5","","true","128","3","","5","false","false","false","","","149","","","","","","","","","","","","","","","","","","","","","","","","","","","","","","","-5.765536785125732","","","","","","","","","29400","","","","","","","","","","","","5.752842903137207","","-5.752842903137207","-5.364619731903076","0.9491909742355348","-3.79142427444458","-6.094183444976807","0.9632387161254884","0.8677215576171875","0.9864324927330016","0.9793712496757508","0.5156948566436768","0.529108464717865","","0.6604245901107788","","","0.4191085398197174","","","","1","-0.7014942169189453","1","1","","","0.17107105255126953","1","","","-0.003743410110473633","0.26822179555892944","-0.4115225672721863","-0.3679695129394531","-2.478853702545166","0.13407868146896362","-0.0099065899848938","0.3964447379112244","-0.04437202215194702","-2.233488082885742","-0.15110653638839722","-0.09828269481658936","-0.4776742458343506","-0.33114105463027954","1.3378827571868896","0.018521785736083984","0.19766759872436523","0.30001139640808105","-0.3389705419540405","2.339400053024292","0","0","0","0","2","0","0","0","0","2","0","0","0","0","2","0","0","0","0","2","1.1816085577011108","1.415194034576416","0.8970999121665955","1.374155879020691","1.233278751373291","1.0529069900512695","1.4527380466461182","0.5361648201942444","0.6852310299873352","1.286656141281128","0.8051000237464905","1.4320003986358645","0.6759101748466492","0.7698335647583008","0.8875577449798584","0.5317195057868958","0.7081297636032104","1.4297990798950195","1.223109245300293","1.378630518913269","1","1","1","1","1","1","1","1","1","1","1","1","1","1","1","1","1","1","1","1","-5.7481465339660645","0.9492558240890504","0.9633314609527588","0.8677446842193604","0.9868227243423462","0.9791244268417358","","","","","","","","","","","","","","","","","","","","","","","","","","","","","","","","","","","","","","","","","","","","","","","","","","","","","","","","","","","","","","","","","","","","","","0.947534203529358","0.9564146995544434","0.8702171444892883","0.9849011898040771","0.9786039590835572","","","","","","","","","","","","","","","","","","","","","","","","","","","","","","","","","","","","","","","","","","","","","","","","","","","","","","","","","","","","","","","","","","","","","","","","","","","","","","","","","","","","","","","","","","","","","","","","","","","","","","","","","","","","","","","","","","","","","","","","","","","","","","","","","","",""
"glowing-cosmos-1551","1wcz1app","finished","select1","","2023-05-16T07:45:00.000Z","28590","[[0,1,0,1],[0,0,1,0],[0,0,0,1],[0,0,0,0]]","nonlinear","7","1","true","true","false","0.0005","","cosine","4096","spline","12","true","false","true","1","/home/akekic/repos/multi-env-crl/checkpoints_ica","false","graph-4-random-1","","4","150","perfect-stochastic","gaussian","mean","10","true","0","true","","[""1.0"",[3.861056327819824,1],[3.868044853210449,1],[-4.874828338623047,-3.278855085372925,1]]","0","nonlinear","3","","true","[[0,0,0,0],[1,0,0,0],[0,1,0,0],[0,0,1,0],[0,0,0,1]]","1e-7","-5","","true","128","3","","5","false","false","false","","","149","","","","","","","","","","","","","","","","","","","","","","","","","","","","","","","-13.281465530395508","","","","","","","","","29400","","","","","","","","","","","","13.221614837646484","","-13.221614837646484","2033.0867919921875","0.24887271225452423","-2.6673829555511475","-2053.250244140625","0.5869575142860413","0.09185325354337692","0.1070508062839508","0.20962926745414737","0.6148607730865479","0.7746420502662659","","0.4230562150478363","","","0.8305650949478149","","","","1","3.861056327819824","1","3.868044853210449","1","","-4.874828338623047","-3.278855085372925","1","","0.2576315999031067","-0.22068911790847776","-0.09693074226379396","0.23468446731567383","-1.644425868988037","0.29985862970352173","-0.1028626561164856","0.2543719410896301","0.06950849294662476","-1.6477748155593872","0.13868045806884766","0.024665892124176025","0.18261408805847168","-0.19485050439834595","-3.287006139755249","-0.0450136661529541","0.0724719762802124","-0.0019974112510681152","0.43708336353302","-1.5499224662780762","0","0","0","0","2","0","0","0","0","2","0","0","0","0","2","0","0","0","0","2","0.813796877861023","0.6980193257331848","0.9161921739578248","0.7843296527862549","1.1051963567733765","1.0239408016204834","1.29806387424469","1.27176833152771","0.5112245678901672","0.7607760429382324","1.1396819353103638","1.4742777347564695","1.3300299644470217","0.5444311499595642","1.0441617965698242","0.7588339447975159","1.4390559196472168","0.9167155027389526","1.213979721069336","0.17635008692741394","1","1","1","1","1","1","1","1","1","1","1","1","1","1","1","1","1","1","1","1","-13.20661449432373","0.2498778998851776","0.5891825556755066","0.09236494451761246","0.10540058463811874","0.21256351470947263","","","","","","","","","","","","","","","","","","","","","","","","","","","","","","","","","","","","","","","","","","","","","","","","","","","","","","","","","","","","","","","","","","","","","","0.2664140462875366","0.4176093339920044","0.09797132760286333","0.1602082997560501","0.38986724615097046","","","","","","","","","","","","","","","","","","","","","","","","","","","","","","","","","","","","","","","","","","","","","","","","","","","","","","","","","","","","","","","","","","","","","","","","","","","","","","","","","","","","","","","","","","","","","","","","","","","","","","","","","","","","","","","","","","","","","","","","","","","","","","","","","","",""
"super-flower-1554","28kdnfc7","finished","select1","","2023-05-16T07:46:02.000Z","27962","[[0,1,0,1],[0,0,0,0],[0,0,0,0],[0,0,0,0]]","nonlinear","3","0","true","true","false","0.0005","","cosine","4096","spline","12","true","false","true","1","/home/akekic/repos/multi-env-crl/checkpoints_ica","false","graph-4-random-1","","4","150","perfect-stochastic","gaussian","mean","10","true","0","true","","[""1.0"",[0.3071022033691406,1],""1.0"",[2.5140576362609863,1]]","0","nonlinear","3","","true","[[0,0,0,0],[1,0,0,0],[0,1,0,0],[0,0,1,0],[0,0,0,1]]","1e-7","-5","","true","128","3","","5","false","false","false","","","149","","","","","","","","","","","","","","","","","","","","","","","","","","","","","","","-9.31811809539795","","","","","","","","","29400","","","","","","","","","","","","9.200860023498535","","-9.200860023498535","-4.512956619262695","0.773484468460083","-3.9350857734680176","-10.810687065124512","0.8961279392242432","0.9154789447784424","0.9670306444168092","0.3153003454208374","0.5505603551864624","0.5568511486053467","","0.6375493407249451","","","0.4662628173828125","","","","1","0.3071022033691406","1","1","","","2.5140576362609863","1","","","-0.003743410110473633","0.26822179555892944","-0.4115225672721863","-0.3679695129394531","-2.3933520317077637","0.13407868146896362","-0.0099065899848938","0.3964447379112244","-0.04437202215194702","-2.225703001022339","-0.15110653638839722","-0.09828269481658936","-0.4776742458343506","-0.33114105463027954","1.3789435625076294","0.018521785736083984","0.19766759872436523","0.30001139640808105","-0.3389705419540405","1.5190714597702026","0","0","0","0","2","0","0","0","0","2","0","0","0","0","2","0","0","0","0","2","1.1816085577011108","1.415194034576416","0.8970999121665955","1.374155879020691","1.4177886247634888","1.0529069900512695","1.4527380466461182","0.5361648201942444","0.6852310299873352","1.3290205001831057","0.8051000237464905","1.4320003986358645","0.6759101748466492","0.7698335647583008","0.9195928573608398","0.5317195057868958","0.7081297636032104","1.4297990798950195","1.223109245300293","1.2639168500900269","1","1","1","1","1","1","1","1","1","1","1","1","1","1","1","1","1","1","1","1","-9.18039608001709","0.7714272141456604","0.8965404629707336","0.9146484732627868","0.967869222164154","0.3066507577896118","","","","","","","","","","","","","","","","","","","","","","","","","","","","","","","","","","","","","","","","","","","","","","","","","","","","","","","","","","","","","","","","","","","","","","0.782758355140686","0.8714668154716492","0.9057723879814148","0.9651615023612976","0.38863256573677063","","","","","","","","","","","","","","","","","","","","","","","","","","","","","","","","","","","","","","","","","","","","","","","","","","","","","","","","","","","","","","","","","","","","","","","","","","","","","","","","","","","","","","","","","","","","","","","","","","","","","","","","","","","","","","","","","","","","","","","","","","","","","","","","","","",""
"dandy-wildflower-1515","28l2399v","finished","select1","","2023-05-16T07:44:09.000Z","21288","[[0,1,1,1],[0,0,0,0],[0,0,0,1],[0,0,0,0]]","nonlinear","8","2","true","true","false","0.0005","","cosine","4096","spline","12","true","false","true","1","/home/akekic/repos/multi-env-crl/checkpoints_ica","false","graph-4-random-1","","4","150","perfect-stochastic","gaussian","mean","10","true","0","true","","[""1.0"",[-2.120743989944458,1],[2.9699525833129883,1],[0.26758766174316406,0.2624626159667969,1]]","0","nonlinear","3","","true","[[0,0,0,0],[1,0,0,0],[0,1,0,0],[0,0,1,0],[0,0,0,1]]","1e-7","-5","","true","128","3","","5","false","false","false","","","149","","","","","","","","","","","","","","","","","","","","","","","","","","","","","","","-10.11569118499756","","","","","","","","","29400","","","","","","","","","","","","10.24311351776123","","-10.24311351776123","0.9413741827011108","0.4515672326087952","-3.33774995803833","-17.21214485168457","0.8370850682258606","0.5414451360702515","0.2653736174106598","0.16236501932144165","0.8692114353179932","0.550240695476532","","0.6904111504554749","","","0.554705023765564","","","","1","-2.120743989944458","1","2.9699525833129883","1","","0.26758766174316406","0.2624626159667969","1","","0.11469507217407228","-0.11898714303970336","0.13711434602737427","-0.025538921356201172","1.2209813594818115","0.11903637647628784","-0.05746734142303467","-0.40423136949539185","0.11415719985961914","-2.1088669300079346","0.06571400165557861","0.033228933811187744","-0.10994917154312134","0.4088484644889831","-1.3749688863754272","0.20733922719955444","0.21159738302230835","-0.29496580362319946","-0.19221723079681396","0.5236690640449524","0","0","0","0","2","0","0","0","0","2","0","0","0","0","2","0","0","0","0","2","0.5102612972259521","0.966040849685669","0.9603751301765442","1.3546547889709473","0.6156938672065735","1.131658911705017","0.9759981632232666","0.7200266122817993","0.7166048884391785","0.9174119234085084","0.5457977652549744","0.6755088567733765","1.117674469947815","1.3290729522705078","0.7328522205352783","0.7708051204681396","1.2197418212890625","0.8080636858940125","0.889240562915802","0.7021090388298035","1","1","1","1","1","1","1","1","1","1","1","1","1","1","1","1","1","1","1","1","-10.22578239440918","0.4482589662075043","0.8344339728355408","0.5372447371482849","0.26383960247039795","0.15751755237579346","","","","","","","","","","","","","","","","","","","","","","","","","","","","","","","","","","","","","","","","","","","","","","","","","","","","","","","","","","","","","","","","","","","","","","0.48046058416366577","0.7958509922027588","0.5967441201210022","0.307350754737854","0.2218965440988541","","","","","","","","","","","","","","","","","","","","","","","","","","","","","","","","","","","","","","","","","","","","","","","","","","","","","","","","","","","","","","","","","","","","","","","","","","","","","","","","","","","","","","","","","","","","","","","","","","","","","","","","","","","","","","","","","","","","","","","","","","","","","","","","","","",""
"stilted-moon-1558","9rbvg71x","finished","select1","","2023-05-16T07:48:14.000Z","28017","[[0,1,0,1],[0,0,1,1],[0,0,0,1],[0,0,0,0]]","nonlinear","5","1","true","true","false","0.0005","","cosine","4096","spline","12","true","false","true","1","/home/akekic/repos/multi-env-crl/checkpoints_ica","false","graph-4-random-1","","4","150","perfect-stochastic","gaussian","mean","10","true","0","true","","[""1.0"",[-0.11912250518798828,1],[3.5302581787109375,1],[-0.7829532623291016,4.169919013977051,0.8230686187744141,1]]","0","nonlinear","3","","true","[[0,0,0,0],[1,0,0,0],[0,1,0,0],[0,0,1,0],[0,0,0,1]]","1e-7","-5","","true","128","3","","5","false","false","false","","","149","","","","","","","","","","","","","","","","","","","","","","","","","","","","","","","-11.457269668579102","","","","","","","","","29400","","","","","","","","","","","","11.29732608795166","","-11.29732608795166","37.68758773803711","0.4421042203903198","-3.1884336471557617","-55.06578826904297","0.917241871356964","0.7784457802772522","0.026926560327410694","0.045802660286426544","0.674914538860321","0.738728404045105","","0.4077724814414978","","","0.8056132197380066","","","","1","-0.11912250518798828","1","3.5302581787109375","1","","-0.7829532623291016","4.169919013977051","0.8230686187744141","1","0.2576315999031067","-0.22068911790847776","-0.09693074226379396","0.23468446731567383","-1.4046833515167236","0.29985862970352173","-0.1028626561164856","0.2543719410896301","0.06950849294662476","-1.7953393459320068","0.13868045806884766","0.024665892124176025","0.18261408805847168","-0.19485050439834595","1.1182241439819336","-0.0450136661529541","0.0724719762802124","-0.0019974112510681152","0.43708336353302","-1.678447127342224","0","0","0","0","2","0","0","0","0","2","0","0","0","0","2","0","0","0","0","2","0.813796877861023","0.6980193257331848","0.9161921739578248","0.7843296527862549","0.8297744393348694","1.0239408016204834","1.29806387424469","1.27176833152771","0.5112245678901672","0.9309917688369752","1.1396819353103638","1.4742777347564695","1.3300299644470217","0.5444311499595642","2.6283230781555176","0.7588339447975159","1.4390559196472168","0.9167155027389526","1.213979721069336","0.7647016644477844","1","1","1","1","1","1","1","1","1","1","1","1","1","1","1","1","1","1","1","1","-11.26714324951172","0.440716028213501","0.9159906506538392","0.772537887096405","0.02484148740768433","0.049494028091430664","","","","","","","","","","","","","","","","","","","","","","","","","","","","","","","","","","","","","","","","","","","","","","","","","","","","","","","","","","","","","","","","","","","","","","0.4300551414489746","0.9101654291152954","0.6926761269569397","0.025117307901382446","0.0922616496682167","","","","","","","","","","","","","","","","","","","","","","","","","","","","","","","","","","","","","","","","","","","","","","","","","","","","","","","","","","","","","","","","","","","","","","","","","","","","","","","","","","","","","","","","","","","","","","","","","","","","","","","","","","","","","","","","","","","","","","","","","","","","","","","","","","",""
"silvery-wildflower-1549","air6dhr4","finished","select1","","2023-05-16T07:44:45.000Z","20424","[[0,1,1,1],[0,0,0,1],[0,0,0,1],[0,0,0,0]]","nonlinear","0","2","true","true","false","0.0005","","cosine","4096","spline","12","true","false","true","1","/home/akekic/repos/multi-env-crl/checkpoints_ica","false","graph-4-random-1","","4","150","perfect-stochastic","gaussian","mean","10","true","0","true","","[""1.0"",[4.442461967468262,1],[-4.987639904022217,1],[-0.8422999382019043,-0.8228058815002441,-2.2887845039367676,1]]","0","nonlinear","3","","true","[[0,0,0,0],[1,0,0,0],[0,1,0,0],[0,0,1,0],[0,0,0,1]]","1e-7","-5","","true","128","3","","5","false","false","false","","","149","","","","","","","","","","","","","","","","","","","","","","","","","","","","","","","-12.744836807250977","","","","","","","","","29400","","","","","","","","","","","","12.793169975280762","","-12.793169975280762","69.47103118896484","0.23503711819648743","-3.1604068279266357","-88.37871551513672","0.7244335412979126","0.06564825773239136","0.09139083325862885","0.05867583304643631","0.7877711057662964","0.47140008211135864","","0.4431523382663727","","","0.469840407371521","","","","1","4.442461967468262","1","-4.987639904022217","1","","-0.8422999382019043","-0.8228058815002441","-2.2887845039367676","1","0.11469507217407228","-0.11898714303970336","0.13711434602737427","-0.025538921356201172","1.4221513271331787","0.11903637647628784","-0.05746734142303467","-0.40423136949539185","0.11415719985961914","-1.3667336702346802","0.06571400165557861","0.033228933811187744","-0.10994917154312134","0.4088484644889831","-1.0858721733093262","0.20733922719955444","0.21159738302230835","-0.29496580362319946","-0.19221723079681396","3.0187017917633057","0","0","0","0","2","0","0","0","0","2","0","0","0","0","2","0","0","0","0","2","0.5102612972259521","0.966040849685669","0.9603751301765442","1.3546547889709473","0.716344952583313","1.131658911705017","0.9759981632232666","0.7200266122817993","0.7166048884391785","3.2979629039764404","0.5457977652549744","0.6755088567733765","1.117674469947815","1.3290729522705078","3.6422135829925537","0.7708051204681396","1.2197418212890625","0.8080636858940125","0.889240562915802","0.9786861538887024","1","1","1","1","1","1","1","1","1","1","1","1","1","1","1","1","1","1","1","1","-12.755572319030762","0.23615363240242004","0.7222479581832886","0.06733240932226181","0.09197629988193512","0.06305787712335587","","","","","","","","","","","","","","","","","","","","","","","","","","","","","","","","","","","","","","","","","","","","","","","","","","","","","","","","","","","","","","","","","","","","","","0.23762129247188568","0.630894124507904","0.1257762610912323","0.07024547457695007","0.12356932461261748","","","","","","","","","","","","","","","","","","","","","","","","","","","","","","","","","","","","","","","","","","","","","","","","","","","","","","","","","","","","","","","","","","","","","","","","","","","","","","","","","","","","","","","","","","","","","","","","","","","","","","","","","","","","","","","","","","","","","","","","","","","","","","","","","","",""
"spring-field-1548","h42wz35e","finished","select1","","2023-05-16T07:44:41.000Z","21882","[[0,1,0,0],[0,0,0,0],[0,0,0,1],[0,0,0,0]]","nonlinear","1","2","true","true","false","0.0005","","cosine","4096","spline","12","true","false","true","1","/home/akekic/repos/multi-env-crl/checkpoints_ica","false","graph-4-random-1","","4","150","perfect-stochastic","gaussian","mean","10","true","0","true","","[""1.0"",[-3.3179049491882324,1],""1.0"",[3.6221752166748047,1]]","0","nonlinear","3","","true","[[0,0,0,0],[1,0,0,0],[0,1,0,0],[0,0,1,0],[0,0,0,1]]","1e-7","-5","","true","128","3","","5","false","false","false","","","149","","","","","","","","","","","","","","","","","","","","","","","","","","","","","","","-12.22373104095459","","","","","","","","","29400","","","","","","","","","","","","12.435216903686523","","-12.435216903686523","6.097598552703857","0.539208710193634","-3.5772194862365723","-25.019559860229492","0.8928489089012146","0.31884875893592834","0.05645645782351494","0.888680636882782","0.8808134198188782","0.7270082831382751","","0.7074277400970459","","","0.57822585105896","","","","1","-3.3179049491882324","1","1","","","3.6221752166748047","1","","","0.11469507217407228","-0.11898714303970336","0.13711434602737427","-0.025538921356201172","1.2417762279510498","0.11903637647628784","-0.05746734142303467","-0.40423136949539185","0.11415719985961914","-2.548752546310425","0.06571400165557861","0.033228933811187744","-0.10994917154312134","0.4088484644889831","0.1810476928949356","0.20733922719955444","0.21159738302230835","-0.29496580362319946","-0.19221723079681396","0.08887878060340881","0","0","0","0","2","0","0","0","0","2","0","0","0","0","2","0","0","0","0","2","0.5102612972259521","0.966040849685669","0.9603751301765442","1.3546547889709473","0.5581524968147278","1.131658911705017","0.9759981632232666","0.7200266122817993","0.7166048884391785","1.3404823541641235","0.5457977652549744","0.6755088567733765","1.117674469947815","1.3290729522705078","0.782159686088562","0.7708051204681396","1.2197418212890625","0.8080636858940125","0.889240562915802","0.2648029029369354","1","1","1","1","1","1","1","1","1","1","1","1","1","1","1","1","1","1","1","1","-12.405712127685549","0.5384891629219055","0.8914830684661865","0.31485193967819214","0.06180286407470703","0.8858187794685364","","","","","","","","","","","","","","","","","","","","","","","","","","","","","","","","","","","","","","","","","","","","","","","","","","","","","","","","","","","","","","","","","","","","","","0.5554227828979492","0.8808992505073547","0.3824842572212219","0.07272224873304367","0.8855853080749512","","","","","","","","","","","","","","","","","","","","","","","","","","","","","","","","","","","","","","","","","","","","","","","","","","","","","","","","","","","","","","","","","","","","","","","","","","","","","","","","","","","","","","","","","","","","","","","","","","","","","","","","","","","","","","","","","","","","","","","","","","","","","","","","","","",""
"devout-frog-1552","hmoqyq3y","finished","select1","","2023-05-16T07:45:03.000Z","34254","[[0,0,1,0],[0,0,1,0],[0,0,0,1],[0,0,0,0]]","nonlinear","6","1","true","true","false","0.0005","","cosine","4096","spline","12","true","false","true","1","/home/akekic/repos/multi-env-crl/checkpoints_ica","false","graph-4-random-1","","4","150","perfect-stochastic","gaussian","mean","10","true","0","true","","[""1.0"",""1.0"",[2.626436233520508,-1.205453395843506,1],[-2.067263603210449,1]]","0","nonlinear","3","","true","[[0,0,0,0],[1,0,0,0],[0,1,0,0],[0,0,1,0],[0,0,0,1]]","1e-7","-5","","true","128","3","","5","false","false","false","","","149","","","","","","","","","","","","","","","","","","","","","","","","","","","","","","","-9.0410795211792","","","","","","","","","29400","","","","","","","","","","","","8.854750633239746","","-8.854750633239746","26.18051528930664","0.5251856446266174","-3.48398494720459","-40.83927917480469","0.7259649038314819","0.9486507177352904","0.21917039155960083","0.2069566398859024","0.7290744781494141","0.7437442541122437","","0.6847055554389954","","","0.7056446075439453","","","","1","1","","2.626436233520508","-1.205453395843506","1","-2.067263603210449","1","","","0.2576315999031067","-0.22068911790847776","-0.09693074226379396","0.23468446731567383","-1.460029363632202","0.29985862970352173","-0.1028626561164856","0.2543719410896301","0.06950849294662476","1.2375144958496094","0.13868045806884766","0.024665892124176025","0.18261408805847168","-0.19485050439834595","1.709485650062561","-0.0450136661529541","0.0724719762802124","-0.0019974112510681152","0.43708336353302","-1.9472508430480957","0","0","0","0","2","0","0","0","0","2","0","0","0","0","2","0","0","0","0","2","0.813796877861023","0.6980193257331848","0.9161921739578248","0.7843296527862549","1.0280230045318604","1.0239408016204834","1.29806387424469","1.27176833152771","0.5112245678901672","0.7484546899795532","1.1396819353103638","1.4742777347564695","1.3300299644470217","0.5444311499595642","0.953766405582428","0.7588339447975159","1.4390559196472168","0.9167155027389526","1.213979721069336","0.7812338471412659","1","1","1","1","1","1","1","1","1","1","1","1","1","1","1","1","1","1","1","1","-8.871055603027344","0.5255677103996277","0.7304617166519165","0.9484948515892028","0.21163912117481232","0.21167515218257904","","","","","","","","","","","","","","","","","","","","","","","","","","","","","","","","","","","","","","","","","","","","","","","","","","","","","","","","","","","","","","","","","","","","","","0.5375520586967468","0.6411046981811523","0.939034104347229","0.270197331905365","0.29987213015556335","","","","","","","","","","","","","","","","","","","","","","","","","","","","","","","","","","","","","","","","","","","","","","","","","","","","","","","","","","","","","","","","","","","","","","","","","","","","","","","","","","","","","","","","","","","","","","","","","","","","","","","","","","","","","","","","","","","","","","","","","","","","","","","","","","",""
"still-morning-1559","1b9eax2r","finished","-","","2023-05-16T07:48:33.000Z","30539","[[0,1,0,1],[0,0,1,0],[0,0,0,1],[0,0,0,0]]","nonlinear","7","0","true","true","false","0.0005","","cosine","4096","spline","12","true","false","true","1","/home/akekic/repos/multi-env-crl/checkpoints_ica","false","graph-4-random-1","","4","150","perfect-stochastic","gaussian","mean","10","true","0","true","","[""1.0"",[3.861056327819824,1],[3.868044853210449,1],[-4.874828338623047,-3.278855085372925,1]]","0","nonlinear","3","","true","[[0,0,0,0],[1,0,0,0],[0,1,0,0],[0,0,1,0],[0,0,0,1]]","1e-7","-5","","true","128","3","","5","false","false","false","","","149","","","","","","","","","","","","","","","","","","","","","","","","","","","","","","","-13.000521659851074","","","","","","","","","29400","","","","","","","","","","","","12.843902587890623","","-12.843902587890623","2030.765380859375","0.3453684449195862","-3.355858087539673","-2050.942626953125","0.4878455698490143","0.22402432560920715","0.18999546766281128","0.4796083271503449","0.5512771606445312","0.6114296913146973","","0.7885586619377136","","","0.6212736368179321","","","","1","3.861056327819824","1","3.868044853210449","1","","-4.874828338623047","-3.278855085372925","1","","-0.003743410110473633","0.26822179555892944","-0.4115225672721863","-0.3679695129394531","-1.5178173780441284","0.13407868146896362","-0.0099065899848938","0.3964447379112244","-0.04437202215194702","0.8279476165771484","-0.15110653638839722","-0.09828269481658936","-0.4776742458343506","-0.33114105463027954","1.1557596921920776","0.018521785736083984","0.19766759872436523","0.30001139640808105","-0.3389705419540405","1.1249380111694336","0","0","0","0","2","0","0","0","0","2","0","0","0","0","2","0","0","0","0","2","1.1816085577011108","1.415194034576416","0.8970999121665955","1.374155879020691","1.448395013809204","1.0529069900512695","1.4527380466461182","0.5361648201942444","0.6852310299873352","0.39926183223724365","0.8051000237464905","1.4320003986358645","0.6759101748466492","0.7698335647583008","0.4148033261299134","0.5317195057868958","0.7081297636032104","1.4297990798950195","1.223109245300293","0.030547454953193665","1","1","1","1","1","1","1","1","1","1","1","1","1","1","1","1","1","1","1","1","-12.825357437133787","0.34393617510795593","0.4879165291786194","0.2196790874004364","0.18921546638011932","0.4789336323738098","","","","","","","","","","","","","","","","","","","","","","","","","","","","","","","","","","","","","","","","","","","","","","","","","","","","","","","","","","","","","","","","","","","","","","0.404727041721344","0.3682869076728821","0.2213367372751236","0.32059383392333984","0.7086907029151917","","","","","","","","","","","","","","","","","","","","","","","","","","","","","","","","","","","","","","","","","","","","","","","","","","","","","","","","","","","","","","","","","","","","","","","","","","","","","","","","","","","","","","","","","","","","","","","","","","","","","","","","","","","","","","","","","","","","","","","","","","","","","","","","","","",""
"absurd-butterfly-1546","1cz3ut4x","finished","-","","2023-05-16T07:44:38.000Z","24051","[[0,0,1,0],[0,0,0,1],[0,0,0,1],[0,0,0,0]]","nonlinear","2","0","true","true","false","0.0005","","cosine","4096","spline","12","true","false","true","1","/home/akekic/repos/multi-env-crl/checkpoints_ica","false","graph-4-random-1","","4","150","perfect-stochastic","gaussian","mean","10","true","0","true","","[""1.0"",""1.0"",[-4.978588104248047,1],[2.171351432800293,-2.238292694091797,1]]","0","nonlinear","3","","true","[[0,0,0,0],[1,0,0,0],[0,1,0,0],[0,0,1,0],[0,0,0,1]]","1e-7","-5","","true","128","3","","5","false","false","false","","","149","","","","","","","","","","","","","","","","","","","","","","","","","","","","","","","-17.14019775390625","","","","","","","","","29400","","","","","","","","","","","","17.31568717956543","","-17.31568717956543","96.79854583740234","0.6036430597305298","-3.812325954437256","-120.3559341430664","0.8211434483528137","0.9006815552711487","0.1096634566783905","0.5830838084220886","0.6012563109397888","0.59572434425354","","0.8273786306381226","","","0.5775015354156494","","","","1","1","","-4.978588104248047","1","","2.171351432800293","-2.238292694091797","1","","-0.003743410110473633","0.26822179555892944","-0.4115225672721863","-0.3679695129394531","-1.878464102745056","0.13407868146896362","-0.0099065899848938","0.3964447379112244","-0.04437202215194702","-1.7166032791137695","-0.15110653638839722","-0.09828269481658936","-0.4776742458343506","-0.33114105463027954","-0.06644042581319809","0.018521785736083984","0.19766759872436523","0.30001139640808105","-0.3389705419540405","-0.4308077394962311","0","0","0","0","2","0","0","0","0","2","0","0","0","0","2","0","0","0","0","2","1.1816085577011108","1.415194034576416","0.8970999121665955","1.374155879020691","1.4094079732894895","1.0529069900512695","1.4527380466461182","0.5361648201942444","0.6852310299873352","1.0845836400985718","0.8051000237464905","1.4320003986358645","0.6759101748466492","0.7698335647583008","0.5576581358909607","0.5317195057868958","0.7081297636032104","1.4297990798950195","1.223109245300293","0.06559678912162781","1","1","1","1","1","1","1","1","1","1","1","1","1","1","1","1","1","1","1","1","-17.24713897705078","0.6045594215393066","0.8210885524749756","0.899200975894928","0.1145898625254631","0.5833582282066345","","","","","","","","","","","","","","","","","","","","","","","","","","","","","","","","","","","","","","","","","","","","","","","","","","","","","","","","","","","","","","","","","","","","","","0.6336303353309631","0.7609171867370605","0.904303252696991","0.1128186583518982","0.7564821243286133","","","","","","","","","","","","","","","","","","","","","","","","","","","","","","","","","","","","","","","","","","","","","","","","","","","","","","","","","","","","","","","","","","","","","","","","","","","","","","","","","","","","","","","","","","","","","","","","","","","","","","","","","","","","","","","","","","","","","","","","","","","","","","","","","","",""
"rose-butterfly-1560","1o2fovyk","finished","-","","2023-05-16T07:48:38.000Z","26133","[[0,0,1,0],[0,0,1,0],[0,0,0,1],[0,0,0,0]]","nonlinear","6","0","true","true","false","0.0005","","cosine","4096","spline","12","true","false","true","1","/home/akekic/repos/multi-env-crl/checkpoints_ica","false","graph-4-random-1","","4","150","perfect-stochastic","gaussian","mean","10","true","0","true","","[""1.0"",""1.0"",[2.626436233520508,-1.205453395843506,1],[-2.067263603210449,1]]","0","nonlinear","3","","true","[[0,0,0,0],[1,0,0,0],[0,1,0,0],[0,0,1,0],[0,0,0,1]]","1e-7","-5","","true","128","3","","5","false","false","false","","","149","","","","","","","","","","","","","","","","","","","","","","","","","","","","","","","-8.77219295501709","","","","","","","","","29400","","","","","","","","","","","","8.728492736816406","","-8.728492736816406","26.06204414367676","0.5789381265640259","-3.4620323181152344","-40.721920013427734","0.7908133864402771","0.9362014532089232","0.20559607446193695","0.3831416666507721","0.4718661308288574","0.3575546443462372","","0.8538678884506226","","","0.5019230246543884","","","","1","1","","2.626436233520508","-1.205453395843506","1","-2.067263603210449","1","","","-0.003743410110473633","0.26822179555892944","-0.4115225672721863","-0.3679695129394531","-2.452191114425659","0.13407868146896362","-0.0099065899848938","0.3964447379112244","-0.04437202215194702","-2.822413206100464","-0.15110653638839722","-0.09828269481658936","-0.4776742458343506","-0.33114105463027954","0.6142081022262573","0.018521785736083984","0.19766759872436523","0.30001139640808105","-0.3389705419540405","-1.934338927268982","0","0","0","0","2","0","0","0","0","2","0","0","0","0","2","0","0","0","0","2","1.1816085577011108","1.415194034576416","0.8970999121665955","1.374155879020691","1.449947714805603","1.0529069900512695","1.4527380466461182","0.5361648201942444","0.6852310299873352","1.4200364351272583","0.8051000237464905","1.4320003986358645","0.6759101748466492","0.7698335647583008","1.0375624895095823","0.5317195057868958","0.7081297636032104","1.4297990798950195","1.223109245300293","0.23867768049240112","1","1","1","1","1","1","1","1","1","1","1","1","1","1","1","1","1","1","1","1","-8.719799995422363","0.5808100700378418","0.7907760143280029","0.9357320666313172","0.2087780237197876","0.3879542648792267","","","","","","","","","","","","","","","","","","","","","","","","","","","","","","","","","","","","","","","","","","","","","","","","","","","","","","","","","","","","","","","","","","","","","","0.5962096452713013","0.7166000008583069","0.9320851564407348","0.23765549063682556","0.49849799275398254","","","","","","","","","","","","","","","","","","","","","","","","","","","","","","","","","","","","","","","","","","","","","","","","","","","","","","","","","","","","","","","","","","","","","","","","","","","","","","","","","","","","","","","","","","","","","","","","","","","","","","","","","","","","","","","","","","","","","","","","","","","","","","","","","","",""
"crisp-spaceship-1518","1yp9rl2s","finished","-","","2023-05-16T07:44:10.000Z","21255","[[0,1,0,0],[0,0,0,0],[0,0,0,1],[0,0,0,0]]","nonlinear","1","1","true","true","false","0.0005","","cosine","4096","spline","12","true","false","true","1","/home/akekic/repos/multi-env-crl/checkpoints_ica","false","graph-4-random-1","","4","150","perfect-stochastic","gaussian","mean","10","true","0","true","","[""1.0"",[-3.3179049491882324,1],""1.0"",[3.6221752166748047,1]]","0","nonlinear","3","","true","[[0,0,0,0],[1,0,0,0],[0,1,0,0],[0,0,1,0],[0,0,0,1]]","1e-7","-5","","true","128","3","","5","false","false","false","","","149","","","","","","","","","","","","","","","","","","","","","","","","","","","","","","","-12.47038459777832","","","","","","","","","29400","","","","","","","","","","","","12.420366287231444","","-12.420366287231444","6.162203788757324","0.5072578191757202","-2.870039701461792","-25.07004737854004","0.8948131799697876","0.2123095989227295","0.7950305938720703","0.1268780380487442","0.5595927238464355","0.41151612997055054","","0.5483964085578918","","","0.8979856967926025","","","","1","-3.3179049491882324","1","1","","","3.6221752166748047","1","","","0.2576315999031067","-0.22068911790847776","-0.09693074226379396","0.23468446731567383","-1.50413179397583","0.29985862970352173","-0.1028626561164856","0.2543719410896301","0.06950849294662476","1.4240047931671145","0.13868045806884766","0.024665892124176025","0.18261408805847168","-0.19485050439834595","1.8345651626586912","-0.0450136661529541","0.0724719762802124","-0.0019974112510681152","0.43708336353302","0.5179560780525208","0","0","0","0","2","0","0","0","0","2","0","0","0","0","2","0","0","0","0","2","0.813796877861023","0.6980193257331848","0.9161921739578248","0.7843296527862549","0.8313376903533936","1.0239408016204834","1.29806387424469","1.27176833152771","0.5112245678901672","2.798988103866577","1.1396819353103638","1.4742777347564695","1.3300299644470217","0.5444311499595642","1.2076622247695925","0.7588339447975159","1.4390559196472168","0.9167155027389526","1.213979721069336","0.6827499866485596","1","1","1","1","1","1","1","1","1","1","1","1","1","1","1","1","1","1","1","1","-12.422991752624512","0.5064975023269653","0.895836591720581","0.20977288484573364","0.7933021187782288","0.12707847356796265","","","","","","","","","","","","","","","","","","","","","","","","","","","","","","","","","","","","","","","","","","","","","","","","","","","","","","","","","","","","","","","","","","","","","","0.5049668550491333","0.8780438899993896","0.2303193062543869","0.7220344543457031","0.18946993350982663","","","","","","","","","","","","","","","","","","","","","","","","","","","","","","","","","","","","","","","","","","","","","","","","","","","","","","","","","","","","","","","","","","","","","","","","","","","","","","","","","","","","","","","","","","","","","","","","","","","","","","","","","","","","","","","","","","","","","","","","","","","","","","","","","","",""
"devoted-plasma-1504","1yvpwnh0","finished","-","","2023-05-16T07:43:55.000Z","20032","[[0,1,0,0],[0,0,0,0],[0,0,0,1],[0,0,0,0]]","nonlinear","9","1","true","true","false","0.0005","","cosine","4096","spline","12","true","false","true","1","/home/akekic/repos/multi-env-crl/checkpoints_ica","false","graph-4-random-1","","4","150","perfect-stochastic","gaussian","mean","10","true","0","true","","[""1.0"",[-0.7014942169189453,1],""1.0"",[0.17107105255126953,1]]","0","nonlinear","3","","true","[[0,0,0,0],[1,0,0,0],[0,1,0,0],[0,0,1,0],[0,0,0,1]]","1e-7","-5","","true","128","3","","5","false","false","false","","","149","","","","","","","","","","","","","","","","","","","","","","","","","","","","","","","-5.942430019378662","","","","","","","","","29400","","","","","","","","","","","","5.746773719787598","","-5.746773719787598","-5.362218379974365","0.949655830860138","-3.436464548110962","-6.090549945831299","0.9719566702842712","0.8655999898910522","0.9858450293540956","0.9752216935157776","0.7066091895103455","0.7838454246520996","","0.6049379110336304","","","0.7784246206283569","","","","1","-0.7014942169189453","1","1","","","0.17107105255126953","1","","","0.2576315999031067","-0.22068911790847776","-0.09693074226379396","0.23468446731567383","-1.41701340675354","0.29985862970352173","-0.1028626561164856","0.2543719410896301","0.06950849294662476","-1.5953353643417358","0.13868045806884766","0.024665892124176025","0.18261408805847168","-0.19485050439834595","-1.8604415655136108","-0.0450136661529541","0.0724719762802124","-0.0019974112510681152","0.43708336353302","1.7819663286209106","0","0","0","0","2","0","0","0","0","2","0","0","0","0","2","0","0","0","0","2","0.813796877861023","0.6980193257331848","0.9161921739578248","0.7843296527862549","0.8281868100166321","1.0239408016204834","1.29806387424469","1.27176833152771","0.5112245678901672","0.7294919490814209","1.1396819353103638","1.4742777347564695","1.3300299644470217","0.5444311499595642","0.8891519904136658","0.7588339447975159","1.4390559196472168","0.9167155027389526","1.213979721069336","0.7926880121231079","1","1","1","1","1","1","1","1","1","1","1","1","1","1","1","1","1","1","1","1","-5.759170055389404","0.9498195052146912","0.9714341163635254","0.8667499423027039","0.9855984449386596","0.975495457649231","","","","","","","","","","","","","","","","","","","","","","","","","","","","","","","","","","","","","","","","","","","","","","","","","","","","","","","","","","","","","","","","","","","","","","0.9470778107643129","0.9678922295570374","0.8621329665184021","0.9851328134536744","0.9731532335281372","","","","","","","","","","","","","","","","","","","","","","","","","","","","","","","","","","","","","","","","","","","","","","","","","","","","","","","","","","","","","","","","","","","","","","","","","","","","","","","","","","","","","","","","","","","","","","","","","","","","","","","","","","","","","","","","","","","","","","","","","","","","","","","","","","",""
"desert-fire-1555","28v4fmvp","finished","-","","2023-05-16T07:47:09.000Z","27816","[[0,1,1,1],[0,0,1,0],[0,0,0,0],[0,0,0,0]]","nonlinear","4","2","true","true","false","0.0005","","cosine","4096","spline","12","true","false","true","1","/home/akekic/repos/multi-env-crl/checkpoints_ica","false","graph-4-random-1","","4","150","perfect-stochastic","gaussian","mean","10","true","0","true","","[""1.0"",[-0.4904913902282715,1],[3.124129295349121,0.28152942657470703,1],[1.94734525680542,1]]","0","nonlinear","3","","true","[[0,0,0,0],[1,0,0,0],[0,1,0,0],[0,0,1,0],[0,0,0,1]]","1e-7","-5","","true","128","3","","5","false","false","false","","","149","","","","","","","","","","","","","","","","","","","","","","","","","","","","","","","-9.533827781677246","","","","","","","","","29400","","","","","","","","","","","","9.747980117797852","","-9.747980117797852","0.6863628625869751","0.510712206363678","-3.1102864742279053","-16.23125457763672","0.7714936137199402","0.8338344693183899","0.22398318350315097","0.2135375738143921","0.8333820104598999","0.5815914273262024","","0.46136805415153503","","","0.4376710057258606","","","","1","-0.4904913902282715","1","3.124129295349121","0.28152942657470703","1","1.94734525680542","1","","","0.11469507217407228","-0.11898714303970336","0.13711434602737427","-0.025538921356201172","1.2698118686676023","0.11903637647628784","-0.05746734142303467","-0.40423136949539185","0.11415719985961914","-2.0859220027923584","0.06571400165557861","0.033228933811187744","-0.10994917154312134","0.4088484644889831","2.3286406993865967","0.20733922719955444","0.21159738302230835","-0.29496580362319946","-0.19221723079681396","2.3418400287628174","0","0","0","0","2","0","0","0","0","2","0","0","0","0","2","0","0","0","0","2","0.5102612972259521","0.966040849685669","0.9603751301765442","1.3546547889709473","0.7951194047927856","1.131658911705017","0.9759981632232666","0.7200266122817993","0.7166048884391785","0.9710996747016908","0.5457977652549744","0.6755088567733765","1.117674469947815","1.3290729522705078","1.2857223749160769","0.7708051204681396","1.2197418212890625","0.8080636858940125","0.889240562915802","1.8530898094177248","1","1","1","1","1","1","1","1","1","1","1","1","1","1","1","1","1","1","1","1","-9.73245334625244","0.5121469497680664","0.7696830630302429","0.8367564678192139","0.22511731088161469","0.2170308232307434","","","","","","","","","","","","","","","","","","","","","","","","","","","","","","","","","","","","","","","","","","","","","","","","","","","","","","","","","","","","","","","","","","","","","","0.5082052946090698","0.6902434229850769","0.8259320259094238","0.2626720070838928","0.2539738118648529","","","","","","","","","","","","","","","","","","","","","","","","","","","","","","","","","","","","","","","","","","","","","","","","","","","","","","","","","","","","","","","","","","","","","","","","","","","","","","","","","","","","","","","","","","","","","","","","","","","","","","","","","","","","","","","","","","","","","","","","","","","","","","","","","","",""
"stellar-plasma-1544","2bjc6mot","finished","-","","2023-05-16T07:44:35.000Z","27938","[[0,1,1,1],[0,0,1,0],[0,0,0,0],[0,0,0,0]]","nonlinear","4","1","true","true","false","0.0005","","cosine","4096","spline","12","true","false","true","1","/home/akekic/repos/multi-env-crl/checkpoints_ica","false","graph-4-random-1","","4","150","perfect-stochastic","gaussian","mean","10","true","0","true","","[""1.0"",[-0.4904913902282715,1],[3.124129295349121,0.28152942657470703,1],[1.94734525680542,1]]","0","nonlinear","3","","true","[[0,0,0,0],[1,0,0,0],[0,1,0,0],[0,0,1,0],[0,0,0,1]]","1e-7","-5","","true","128","3","","5","false","false","false","","","149","","","","","","","","","","","","","","","","","","","","","","","","","","","","","","","-9.84241008758545","","","","","","","","","29400","","","","","","","","","","","","9.74569320678711","","-9.74569320678711","0.6440243124961853","0.5215933322906494","-3.080395460128784","-16.189926147460938","0.8290127515792847","0.7874211072921753","0.1611940711736679","0.30874547362327576","0.6851677894592285","0.7577897310256958","","0.5848092436790466","","","0.4249914288520813","","","","1","-0.4904913902282715","1","3.124129295349121","0.28152942657470703","1","1.94734525680542","1","","","0.2576315999031067","-0.22068911790847776","-0.09693074226379396","0.23468446731567383","-1.5454939603805542","0.29985862970352173","-0.1028626561164856","0.2543719410896301","0.06950849294662476","1.184650421142578","0.13868045806884766","0.024665892124176025","0.18261408805847168","-0.19485050439834595","-2.2909152507781982","-0.0450136661529541","0.0724719762802124","-0.0019974112510681152","0.43708336353302","-1.4726561307907104","0","0","0","0","2","0","0","0","0","2","0","0","0","0","2","0","0","0","0","2","0.813796877861023","0.6980193257331848","0.9161921739578248","0.7843296527862549","1.1531480550765991","1.0239408016204834","1.29806387424469","1.27176833152771","0.5112245678901672","0.7042074203491211","1.1396819353103638","1.4742777347564695","1.3300299644470217","0.5444311499595642","1.605446696281433","0.7588339447975159","1.4390559196472168","0.9167155027389526","1.213979721069336","1.7625203132629397","1","1","1","1","1","1","1","1","1","1","1","1","1","1","1","1","1","1","1","1","-9.764652252197266","0.5212221741676331","0.8287316560745239","0.7845381498336792","0.16477414965629578","0.30684465169906616","","","","","","","","","","","","","","","","","","","","","","","","","","","","","","","","","","","","","","","","","","","","","","","","","","","","","","","","","","","","","","","","","","","","","","0.5450275540351868","0.7775300741195679","0.7975075840950012","0.23057247698307037","0.3745000958442688","","","","","","","","","","","","","","","","","","","","","","","","","","","","","","","","","","","","","","","","","","","","","","","","","","","","","","","","","","","","","","","","","","","","","","","","","","","","","","","","","","","","","","","","","","","","","","","","","","","","","","","","","","","","","","","","","","","","","","","","","","","","","","","","","","",""
"grateful-oath-1522","2dviz8b0","finished","-","","2023-05-16T07:44:12.000Z","28243","[[0,1,1,1],[0,0,0,0],[0,0,0,1],[0,0,0,0]]","nonlinear","8","0","true","true","false","0.0005","","cosine","4096","spline","12","true","false","true","1","/home/akekic/repos/multi-env-crl/checkpoints_ica","false","graph-4-random-1","","4","150","perfect-stochastic","gaussian","mean","10","true","0","true","","[""1.0"",[-2.120743989944458,1],[2.9699525833129883,1],[0.26758766174316406,0.2624626159667969,1]]","0","nonlinear","3","","true","[[0,0,0,0],[1,0,0,0],[0,1,0,0],[0,0,1,0],[0,0,0,1]]","1e-7","-5","","true","128","3","","5","false","false","false","","","149","","","","","","","","","","","","","","","","","","","","","","","","","","","","","","","-10.299692153930664","","","","","","","","","29400","","","","","","","","","","","","10.070103645324709","","-10.070103645324709","0.891425609588623","0.26010867953300476","-3.478025436401367","-17.153202056884766","0.03957715630531311","0.6288030743598938","0.017859235405921936","0.3541952073574066","0.544802725315094","0.590591549873352","","0.7676371335983276","","","0.32269325852394104","","","","1","-2.120743989944458","1","2.9699525833129883","1","","0.26758766174316406","0.2624626159667969","1","","-0.003743410110473633","0.26822179555892944","-0.4115225672721863","-0.3679695129394531","0.11919324845075609","0.13407868146896362","-0.0099065899848938","0.3964447379112244","-0.04437202215194702","-1.613896369934082","-0.15110653638839722","-0.09828269481658936","-0.4776742458343506","-0.33114105463027954","0.7299475073814392","0.018521785736083984","0.19766759872436523","0.30001139640808105","-0.3389705419540405","-3.128579616546631","0","0","0","0","2","0","0","0","0","2","0","0","0","0","2","0","0","0","0","2","1.1816085577011108","1.415194034576416","0.8970999121665955","1.374155879020691","0.5994305610656738","1.0529069900512695","1.4527380466461182","0.5361648201942444","0.6852310299873352","0.5739061832427979","0.8051000237464905","1.4320003986358645","0.6759101748466492","0.7698335647583008","0.47756534814834595","0.5317195057868958","0.7081297636032104","1.4297990798950195","1.223109245300293","1.9698748588562012","1","1","1","1","1","1","1","1","1","1","1","1","1","1","1","1","1","1","1","1","-10.064855575561523","0.2581193149089813","0.037730708718299866","0.6276367902755737","0.018909279257059097","0.3482005298137665","","","","","","","","","","","","","","","","","","","","","","","","","","","","","","","","","","","","","","","","","","","","","","","","","","","","","","","","","","","","","","","","","","","","","","0.30210080742836","0.08286067098379135","0.7050322890281677","0.06533704698085785","0.3551732301712036","","","","","","","","","","","","","","","","","","","","","","","","","","","","","","","","","","","","","","","","","","","","","","","","","","","","","","","","","","","","","","","","","","","","","","","","","","","","","","","","","","","","","","","","","","","","","","","","","","","","","","","","","","","","","","","","","","","","","","","","","","","","","","","","","","",""
"clean-water-1541","2i36f8wl","finished","-","","2023-05-16T07:44:30.000Z","27698","[[0,0,1,0],[0,0,0,1],[0,0,0,1],[0,0,0,0]]","nonlinear","2","1","true","true","false","0.0005","","cosine","4096","spline","12","true","false","true","1","/home/akekic/repos/multi-env-crl/checkpoints_ica","false","graph-4-random-1","","4","150","perfect-stochastic","gaussian","mean","10","true","0","true","","[""1.0"",""1.0"",[-4.978588104248047,1],[2.171351432800293,-2.238292694091797,1]]","0","nonlinear","3","","true","[[0,0,0,0],[1,0,0,0],[0,1,0,0],[0,0,1,0],[0,0,0,1]]","1e-7","-5","","true","128","3","","5","false","false","false","","","149","","","","","","","","","","","","","","","","","","","","","","","","","","","","","","","-17.618066787719727","","","","","","","","","29400","","","","","","","","","","","","17.42180061340332","","-17.42180061340332","96.80950927734376","0.46190714836120605","-3.653875589370727","-120.2664794921875","0.8399459719657898","0.928884983062744","0.052032288163900375","0.02676527202129364","0.7375890016555786","0.7372120022773743","","0.8297070860862732","","","0.8630463480949402","","","","1","1","","-4.978588104248047","1","","2.171351432800293","-2.238292694091797","1","","0.2576315999031067","-0.22068911790847776","-0.09693074226379396","0.23468446731567383","-1.5974406003952026","0.29985862970352173","-0.1028626561164856","0.2543719410896301","0.06950849294662476","-1.6302753686904907","0.13868045806884766","0.024665892124176025","0.18261408805847168","-0.19485050439834595","0.5304992198944092","-0.0450136661529541","0.0724719762802124","-0.0019974112510681152","0.43708336353302","-1.808133125305176","0","0","0","0","2","0","0","0","0","2","0","0","0","0","2","0","0","0","0","2","0.813796877861023","0.6980193257331848","0.9161921739578248","0.7843296527862549","0.8826327323913574","1.0239408016204834","1.29806387424469","1.27176833152771","0.5112245678901672","0.66874760389328","1.1396819353103638","1.4742777347564695","1.3300299644470217","0.5444311499595642","0.8056772947311401","0.7588339447975159","1.4390559196472168","0.9167155027389526","1.213979721069336","0.48542001843452454","1","1","1","1","1","1","1","1","1","1","1","1","1","1","1","1","1","1","1","1","-17.47125816345215","0.4623797833919525","0.8393365740776062","0.9292746186256408","0.056072335690259933","0.024835554882884026","","","","","","","","","","","","","","","","","","","","","","","","","","","","","","","","","","","","","","","","","","","","","","","","","","","","","","","","","","","","","","","","","","","","","","0.46757063269615173","0.7847154140472412","0.919325590133667","0.0416235625743866","0.12461792677640916","","","","","","","","","","","","","","","","","","","","","","","","","","","","","","","","","","","","","","","","","","","","","","","","","","","","","","","","","","","","","","","","","","","","","","","","","","","","","","","","","","","","","","","","","","","","","","","","","","","","","","","","","","","","","","","","","","","","","","","","","","","","","","","","","","",""
"efficient-jazz-1526","2j0hwzlw","finished","-","","2023-05-16T07:44:15.000Z","23752","[[0,1,0,1],[0,0,1,0],[0,0,0,1],[0,0,0,0]]","nonlinear","7","2","true","true","false","0.0005","","cosine","4096","spline","12","true","false","true","1","/home/akekic/repos/multi-env-crl/checkpoints_ica","false","graph-4-random-1","","4","150","perfect-stochastic","gaussian","mean","10","true","0","true","","[""1.0"",[3.861056327819824,1],[3.868044853210449,1],[-4.874828338623047,-3.278855085372925,1]]","0","nonlinear","3","","true","[[0,0,0,0],[1,0,0,0],[0,1,0,0],[0,0,1,0],[0,0,0,1]]","1e-7","-5","","true","128","3","","5","false","false","false","","","149","","","","","","","","","","","","","","","","","","","","","","","","","","","","","","","-12.908578872680664","","","","","","","","","29400","","","","","","","","","","","","13.013388633728027","","-13.013388633728027","2033.197021484375","0.2871108055114746","-2.9250285625457764","-2053.377197265625","0.7141145467758179","0.021321678534150124","0.05882878974080086","0.35417819023132324","0.8479890823364258","0.6726147532463074","","0.5828014612197876","","","0.6719014644622803","","","","1","3.861056327819824","1","3.868044853210449","1","","-4.874828338623047","-3.278855085372925","1","","0.11469507217407228","-0.11898714303970336","0.13711434602737427","-0.025538921356201172","-1.1775776147842407","0.11903637647628784","-0.05746734142303467","-0.40423136949539185","0.11415719985961914","-1.0036541223526","0.06571400165557861","0.033228933811187744","-0.10994917154312134","0.4088484644889831","2.875941276550293","0.20733922719955444","0.21159738302230835","-0.29496580362319946","-0.19221723079681396","1.127769112586975","0","0","0","0","2","0","0","0","0","2","0","0","0","0","2","0","0","0","0","2","0.5102612972259521","0.966040849685669","0.9603751301765442","1.3546547889709473","0.8213725686073303","1.131658911705017","0.9759981632232666","0.7200266122817993","0.7166048884391785","1.1185734272003174","0.5457977652549744","0.6755088567733765","1.117674469947815","1.3290729522705078","0.6898362636566162","0.7708051204681396","1.2197418212890625","0.8080636858940125","0.889240562915802","0.0234859399497509","1","1","1","1","1","1","1","1","1","1","1","1","1","1","1","1","1","1","1","1","-12.977463722229004","0.28619271516799927","0.7097340226173401","0.02631212957203388","0.058811597526073456","0.3499131202697754","","","","","","","","","","","","","","","","","","","","","","","","","","","","","","","","","","","","","","","","","","","","","","","","","","","","","","","","","","","","","","","","","","","","","","0.33422553539276123","0.5921369791030884","0.01408454403281212","0.12919874489307404","0.6014818549156189","","","","","","","","","","","","","","","","","","","","","","","","","","","","","","","","","","","","","","","","","","","","","","","","","","","","","","","","","","","","","","","","","","","","","","","","","","","","","","","","","","","","","","","","","","","","","","","","","","","","","","","","","","","","","","","","","","","","","","","","","","","","","","","","","","",""
"neat-snowflake-1537","2k8x011h","finished","-","","2023-05-16T07:44:22.000Z","20567","[[0,1,1,1],[0,0,0,1],[0,0,0,1],[0,0,0,0]]","nonlinear","0","1","true","true","false","0.0005","","cosine","4096","spline","12","true","false","true","1","/home/akekic/repos/multi-env-crl/checkpoints_ica","false","graph-4-random-1","","4","150","perfect-stochastic","gaussian","mean","10","true","0","true","","[""1.0"",[4.442461967468262,1],[-4.987639904022217,1],[-0.8422999382019043,-0.8228058815002441,-2.2887845039367676,1]]","0","nonlinear","3","","true","[[0,0,0,0],[1,0,0,0],[0,1,0,0],[0,0,1,0],[0,0,0,1]]","1e-7","-5","","true","128","3","","5","false","false","false","","","149","","","","","","","","","","","","","","","","","","","","","","","","","","","","","","","-12.799688339233398","","","","","","","","","29400","","","","","","","","","","","","12.664024353027344","","-12.664024353027344","69.33516693115234","0.2527128756046295","-2.992706060409546","-88.22528076171875","0.7220372557640076","0.02936462312936783","0.1358879804611206","0.12356165051460266","0.6264652609825134","0.5295669436454773","","0.7505567669868469","","","0.7823576331138611","","","","1","4.442461967468262","1","-4.987639904022217","1","","-0.8422999382019043","-0.8228058815002441","-2.2887845039367676","1","0.2576315999031067","-0.22068911790847776","-0.09693074226379396","0.23468446731567383","-1.8018733263015747","0.29985862970352173","-0.1028626561164856","0.2543719410896301","0.06950849294662476","0.37418192625045776","0.13868045806884766","0.024665892124176025","0.18261408805847168","-0.19485050439834595","0.10868016630411148","-0.0450136661529541","0.0724719762802124","-0.0019974112510681152","0.43708336353302","1.927034616470337","0","0","0","0","2","0","0","0","0","2","0","0","0","0","2","0","0","0","0","2","0.813796877861023","0.6980193257331848","0.9161921739578248","0.7843296527862549","1.0233910083770752","1.0239408016204834","1.29806387424469","1.27176833152771","0.5112245678901672","2.3325753211975098","1.1396819353103638","1.4742777347564695","1.3300299644470217","0.5444311499595642","0.18602317571640015","0.7588339447975159","1.4390559196472168","0.9167155027389526","1.213979721069336","0.5302873849868774","1","1","1","1","1","1","1","1","1","1","1","1","1","1","1","1","1","1","1","1","-12.672201156616213","0.2531893849372864","0.7193961143493652","0.028761452063918114","0.14066056907176971","0.12393947690725328","","","","","","","","","","","","","","","","","","","","","","","","","","","","","","","","","","","","","","","","","","","","","","","","","","","","","","","","","","","","","","","","","","","","","","0.2536236047744751","0.6177318096160889","0.03916281461715698","0.17650392651557922","0.1810959428548813","","","","","","","","","","","","","","","","","","","","","","","","","","","","","","","","","","","","","","","","","","","","","","","","","","","","","","","","","","","","","","","","","","","","","","","","","","","","","","","","","","","","","","","","","","","","","","","","","","","","","","","","","","","","","","","","","","","","","","","","","","","","","","","","","","",""
"solar-monkey-1557","2px4meii","finished","-","","2023-05-16T07:48:01.000Z","27575","[[0,1,0,1],[0,0,1,1],[0,0,0,1],[0,0,0,0]]","nonlinear","5","0","true","true","false","0.0005","","cosine","4096","spline","12","true","false","true","1","/home/akekic/repos/multi-env-crl/checkpoints_ica","false","graph-4-random-1","","4","150","perfect-stochastic","gaussian","mean","10","true","0","true","","[""1.0"",[-0.11912250518798828,1],[3.5302581787109375,1],[-0.7829532623291016,4.169919013977051,0.8230686187744141,1]]","0","nonlinear","3","","true","[[0,0,0,0],[1,0,0,0],[0,1,0,0],[0,0,1,0],[0,0,0,1]]","1e-7","-5","","true","128","3","","5","false","false","false","","","149","","","","","","","","","","","","","","","","","","","","","","","","","","","","","","","-11.132606506347656","","","","","","","","","29400","","","","","","","","","","","","11.142250061035156","","-11.142250061035156","37.86067581176758","0.41355064511299133","-3.4022767543792725","-55.225399017333984","0.8752371072769165","0.6769212484359741","0.045803915709257126","0.056240275502204895","0.5486165285110474","0.5425724387168884","","0.6891941428184509","","","0.18349091708660129","","","","1","-0.11912250518798828","1","3.5302581787109375","1","","-0.7829532623291016","4.169919013977051","0.8230686187744141","1","-0.003743410110473633","0.26822179555892944","-0.4115225672721863","-0.3679695129394531","-2.5505166053771973","0.13407868146896362","-0.0099065899848938","0.3964447379112244","-0.04437202215194702","-1.34889554977417","-0.15110653638839722","-0.09828269481658936","-0.4776742458343506","-0.33114105463027954","0.8852975964546204","0.018521785736083984","0.19766759872436523","0.30001139640808105","-0.3389705419540405","3.4407169818878174","0","0","0","0","2","0","0","0","0","2","0","0","0","0","2","0","0","0","0","2","1.1816085577011108","1.415194034576416","0.8970999121665955","1.374155879020691","1.2424771785736084","1.0529069900512695","1.4527380466461182","0.5361648201942444","0.6852310299873352","0.9028958678245544","0.8051000237464905","1.4320003986358645","0.6759101748466492","0.7698335647583008","2.288221836090088","0.5317195057868958","0.7081297636032104","1.4297990798950195","1.223109245300293","4.215437889099121","1","1","1","1","1","1","1","1","1","1","1","1","1","1","1","1","1","1","1","1","-11.114014625549316","0.41274747252464294","0.8752554059028625","0.6746671795845032","0.04547714814543724","0.055590204894542694","","","","","","","","","","","","","","","","","","","","","","","","","","","","","","","","","","","","","","","","","","","","","","","","","","","","","","","","","","","","","","","","","","","","","","0.4038678705692291","0.8576436638832092","0.6772023439407349","0.06817827373743057","0.01244718674570322","","","","","","","","","","","","","","","","","","","","","","","","","","","","","","","","","","","","","","","","","","","","","","","","","","","","","","","","","","","","","","","","","","","","","","","","","","","","","","","","","","","","","","","","","","","","","","","","","","","","","","","","","","","","","","","","","","","","","","","","","","","","","","","","","","",""
"deep-oath-1542","398xtea3","finished","-","","2023-05-16T07:44:33.000Z","22026","[[0,1,0,0],[0,0,0,0],[0,0,0,1],[0,0,0,0]]","nonlinear","1","0","true","true","false","0.0005","","cosine","4096","spline","12","true","false","true","1","/home/akekic/repos/multi-env-crl/checkpoints_ica","false","graph-4-random-1","","4","150","perfect-stochastic","gaussian","mean","10","true","0","true","","[""1.0"",[-3.3179049491882324,1],""1.0"",[3.6221752166748047,1]]","0","nonlinear","3","","true","[[0,0,0,0],[1,0,0,0],[0,1,0,0],[0,0,1,0],[0,0,0,1]]","1e-7","-5","","true","128","3","","5","false","false","false","","","149","","","","","","","","","","","","","","","","","","","","","","","","","","","","","","","-12.398306846618652","","","","","","","","","29400","","","","","","","","","","","","12.36866855621338","","-12.36866855621338","6.0194196701049805","0.6684147119522095","-3.4547152519226074","-24.93493270874023","0.7959868311882019","0.6010400056838989","0.37894418835639954","0.8976877927780151","0.48962920904159546","0.46064162254333496","","0.8509846329689026","","","0.535388171672821","","","","1","-3.3179049491882324","1","1","","","3.6221752166748047","1","","","-0.003743410110473633","0.26822179555892944","-0.4115225672721863","-0.3679695129394531","-2.708481550216675","0.13407868146896362","-0.0099065899848938","0.3964447379112244","-0.04437202215194702","-0.6576770544052124","-0.15110653638839722","-0.09828269481658936","-0.4776742458343506","-0.33114105463027954","-0.1509326994419098","0.018521785736083984","0.19766759872436523","0.30001139640808105","-0.3389705419540405","-0.3206425905227661","0","0","0","0","2","0","0","0","0","2","0","0","0","0","2","0","0","0","0","2","1.1816085577011108","1.415194034576416","0.8970999121665955","1.374155879020691","1.5948247909545898","1.0529069900512695","1.4527380466461182","0.5361648201942444","0.6852310299873352","0.2983604967594147","0.8051000237464905","1.4320003986358645","0.6759101748466492","0.7698335647583008","0.8530356884002686","0.5317195057868958","0.7081297636032104","1.4297990798950195","1.223109245300293","0.23518703877925873","1","1","1","1","1","1","1","1","1","1","1","1","1","1","1","1","1","1","1","1","-12.352645874023438","0.6680673360824585","0.7930170893669128","0.6034861207008362","0.3777000904083252","0.8980660438537598","","","","","","","","","","","","","","","","","","","","","","","","","","","","","","","","","","","","","","","","","","","","","","","","","","","","","","","","","","","","","","","","","","","","","","0.6831870675086975","0.7327322959899902","0.7062583565711975","0.38786062598228455","0.90589702129364","","","","","","","","","","","","","","","","","","","","","","","","","","","","","","","","","","","","","","","","","","","","","","","","","","","","","","","","","","","","","","","","","","","","","","","","","","","","","","","","","","","","","","","","","","","","","","","","","","","","","","","","","","","","","","","","","","","","","","","","","","","","","","","","","","",""
"ethereal-bird-1560","3koxmyss","finished","-","","2023-05-16T07:48:38.000Z","26133","[[0,1,1,1],[0,0,0,0],[0,0,0,1],[0,0,0,0]]","nonlinear","8","1","true","true","false","0.0005","","cosine","4096","spline","12","true","false","true","1","/home/akekic/repos/multi-env-crl/checkpoints_ica","false","graph-4-random-1","","4","150","perfect-stochastic","gaussian","mean","10","true","0","true","","[""1.0"",[-2.120743989944458,1],[2.9699525833129883,1],[0.26758766174316406,0.2624626159667969,1]]","0","nonlinear","3","","true","[[0,0,0,0],[1,0,0,0],[0,1,0,0],[0,0,1,0],[0,0,0,1]]","1e-7","-5","","true","128","3","","5","false","false","false","","","149","","","","","","","","","","","","","","","","","","","","","","","","","","","","","","","-10.254643440246582","","","","","","","","","29400","","","","","","","","","","","","10.083205223083496","","-10.083205223083496","0.9134621620178224","0.32091638445854187","-3.0318379402160645","-17.17239761352539","0.013475767336785792","0.059605345129966736","0.7406287789344788","0.46995559334754944","0.7314214110374451","0.4828628897666931","","0.7664267420768738","","","0.7215138077735901","","","","1","-2.120743989944458","1","2.9699525833129883","1","","0.26758766174316406","0.2624626159667969","1","","0.2576315999031067","-0.22068911790847776","-0.09693074226379396","0.23468446731567383","0.3157964050769806","0.29985862970352173","-0.1028626561164856","0.2543719410896301","0.06950849294662476","-0.3667864501476288","0.13868045806884766","0.024665892124176025","0.18261408805847168","-0.19485050439834595","-0.09255141019821168","-0.0450136661529541","0.0724719762802124","-0.0019974112510681152","0.43708336353302","1.8648889064788816","0","0","0","0","2","0","0","0","0","2","0","0","0","0","2","0","0","0","0","2","0.813796877861023","0.6980193257331848","0.9161921739578248","0.7843296527862549","0.53347247838974","1.0239408016204834","1.29806387424469","1.27176833152771","0.5112245678901672","2.2395286560058594","1.1396819353103638","1.4742777347564695","1.3300299644470217","0.5444311499595642","0.19587838649749756","0.7588339447975159","1.4390559196472168","0.9167155027389526","1.213979721069336","1.030329704284668","1","1","1","1","1","1","1","1","1","1","1","1","1","1","1","1","1","1","1","1","-10.082401275634766","0.322089284658432","0.0151031157001853","0.06142045184969902","0.7400205135345459","0.47181305289268494","","","","","","","","","","","","","","","","","","","","","","","","","","","","","","","","","","","","","","","","","","","","","","","","","","","","","","","","","","","","","","","","","","","","","","0.35847949981689453","0.014831850305199625","0.10986966639757156","0.7993203997612","0.5098961591720581","","","","","","","","","","","","","","","","","","","","","","","","","","","","","","","","","","","","","","","","","","","","","","","","","","","","","","","","","","","","","","","","","","","","","","","","","","","","","","","","","","","","","","","","","","","","","","","","","","","","","","","","","","","","","","","","","","","","","","","","","","","","","","","","","","",""
"clean-fog-1545","3lkn8j2j","finished","-","","2023-05-16T07:44:38.000Z","28226","[[0,1,1,1],[0,0,0,1],[0,0,0,1],[0,0,0,0]]","nonlinear","0","0","true","true","false","0.0005","","cosine","4096","spline","12","true","false","true","1","/home/akekic/repos/multi-env-crl/checkpoints_ica","false","graph-4-random-1","","4","150","perfect-stochastic","gaussian","mean","10","true","0","true","","[""1.0"",[4.442461967468262,1],[-4.987639904022217,1],[-0.8422999382019043,-0.8228058815002441,-2.2887845039367676,1]]","0","nonlinear","3","","true","[[0,0,0,0],[1,0,0,0],[0,1,0,0],[0,0,1,0],[0,0,0,1]]","1e-7","-5","","true","128","3","","5","false","false","false","","","149","","","","","","","","","","","","","","","","","","","","","","","","","","","","","","","-12.522452354431152","","","","","","","","","29400","","","","","","","","","","","","12.489870071411133","","-12.489870071411133","69.28324890136719","0.1928023546934128","-3.831421852111816","-88.17829895019531","0.12393470853567123","0.07335790991783142","0.2503149211406708","0.3236018717288971","0.6967893242835999","0.5791162848472595","","0.7544726729393005","","","0.5049588084220886","","","","1","4.442461967468262","1","-4.987639904022217","1","","-0.8422999382019043","-0.8228058815002441","-2.2887845039367676","1","-0.003743410110473633","0.26822179555892944","-0.4115225672721863","-0.3679695129394531","0.03372702747583389","0.13407868146896362","-0.0099065899848938","0.3964447379112244","-0.04437202215194702","-0.8771759271621704","-0.15110653638839722","-0.09828269481658936","-0.4776742458343506","-0.33114105463027954","1.7593138217926023","0.018521785736083984","0.19766759872436523","0.30001139640808105","-0.3389705419540405","-1.298251986503601","0","0","0","0","2","0","0","0","0","2","0","0","0","0","2","0","0","0","0","2","1.1816085577011108","1.415194034576416","0.8970999121665955","1.374155879020691","0.29746636748313904","1.0529069900512695","1.4527380466461182","0.5361648201942444","0.6852310299873352","1.4063947200775146","0.8051000237464905","1.4320003986358645","0.6759101748466492","0.7698335647583008","0.7597761154174805","0.5317195057868958","0.7081297636032104","1.4297990798950195","1.223109245300293","0.23685196042060852","1","1","1","1","1","1","1","1","1","1","1","1","1","1","1","1","1","1","1","1","-12.48627758026123","0.19374361634254456","0.13129979372024536","0.06968443840742111","0.248855859041214","0.3251343369483948","","","","","","","","","","","","","","","","","","","","","","","","","","","","","","","","","","","","","","","","","","","","","","","","","","","","","","","","","","","","","","","","","","","","","","0.1845027357339859","0.13665136694908142","0.04712723195552826","0.2904013991355896","0.2638309895992279","","","","","","","","","","","","","","","","","","","","","","","","","","","","","","","","","","","","","","","","","","","","","","","","","","","","","","","","","","","","","","","","","","","","","","","","","","","","","","","","","","","","","","","","","","","","","","","","","","","","","","","","","","","","","","","","","","","","","","","","","","","","","","","","","","",""
"generous-cosmos-1556","3unxu8lm","finished","-","","2023-05-16T07:47:52.000Z","27180","[[0,1,0,1],[0,0,1,1],[0,0,0,1],[0,0,0,0]]","nonlinear","5","2","true","true","false","0.0005","","cosine","4096","spline","12","true","false","true","1","/home/akekic/repos/multi-env-crl/checkpoints_ica","false","graph-4-random-1","","4","150","perfect-stochastic","gaussian","mean","10","true","0","true","","[""1.0"",[-0.11912250518798828,1],[3.5302581787109375,1],[-0.7829532623291016,4.169919013977051,0.8230686187744141,1]]","0","nonlinear","3","","true","[[0,0,0,0],[1,0,0,0],[0,1,0,0],[0,0,1,0],[0,0,0,1]]","1e-7","-5","","true","128","3","","5","false","false","false","","","149","","","","","","","","","","","","","","","","","","","","","","","","","","","","","","","-11.012340545654297","","","","","","","","","29400","","","","","","","","","","","","11.160981178283691","","-11.160981178283691","37.40474319458008","0.4539462327957154","-3.4767355918884277","-54.76280975341797","0.837051272392273","0.8450409173965454","0.11713603883981703","0.016556687653064728","0.8657019138336182","0.6244828701019287","","0.6819544434547424","","","0.6143428683280945","","","","1","-0.11912250518798828","1","3.5302581787109375","1","","-0.7829532623291016","4.169919013977051","0.8230686187744141","1","0.11469507217407228","-0.11898714303970336","0.13711434602737427","-0.025538921356201172","1.2083152532577517","0.11903637647628784","-0.05746734142303467","-0.40423136949539185","0.11415719985961914","-2.3832552433013916","0.06571400165557861","0.033228933811187744","-0.10994917154312134","0.4088484644889831","-0.05862683057785034","0.20733922719955444","0.21159738302230835","-0.29496580362319946","-0.19221723079681396","2.3775763511657715","0","0","0","0","2","0","0","0","0","2","0","0","0","0","2","0","0","0","0","2","0.5102612972259521","0.966040849685669","0.9603751301765442","1.3546547889709473","0.5541940927505493","1.131658911705017","0.9759981632232666","0.7200266122817993","0.7166048884391785","1.2986488342285156","0.5457977652549744","0.6755088567733765","1.117674469947815","1.3290729522705078","0.3802148103713989","0.7708051204681396","1.2197418212890625","0.8080636858940125","0.889240562915802","0.8173790574073792","1","1","1","1","1","1","1","1","1","1","1","1","1","1","1","1","1","1","1","1","-11.15089511871338","0.4516034424304962","0.8380093574523926","0.8448657989501953","0.11761856079101562","0.0059200795367360115","","","","","","","","","","","","","","","","","","","","","","","","","","","","","","","","","","","","","","","","","","","","","","","","","","","","","","","","","","","","","","","","","","","","","","0.44926297664642334","0.8061457276344299","0.7902615666389465","0.13209044933319092","0.06855414062738419","","","","","","","","","","","","","","","","","","","","","","","","","","","","","","","","","","","","","","","","","","","","","","","","","","","","","","","","","","","","","","","","","","","","","","","","","","","","","","","","","","","","","","","","","","","","","","","","","","","","","","","","","","","","","","","","","","","","","","","","","","","","","","","","","","",""
"true-elevator-1536","5ghzy75u","finished","-","","2023-05-16T07:44:21.000Z","23296","[[0,1,0,0],[0,0,0,0],[0,0,0,1],[0,0,0,0]]","nonlinear","9","2","true","true","false","0.0005","","cosine","4096","spline","12","true","false","true","1","/home/akekic/repos/multi-env-crl/checkpoints_ica","false","graph-4-random-1","","4","150","perfect-stochastic","gaussian","mean","10","true","0","true","","[""1.0"",[-0.7014942169189453,1],""1.0"",[0.17107105255126953,1]]","0","nonlinear","3","","true","[[0,0,0,0],[1,0,0,0],[0,1,0,0],[0,0,1,0],[0,0,0,1]]","1e-7","-5","","true","128","3","","5","false","false","false","","","149","","","","","","","","","","","","","","","","","","","","","","","","","","","","","","","-5.618011951446533","","","","","","","","","29400","","","","","","","","","","","","5.718945026397705","","-5.718945026397705","-5.371191501617432","0.8851713538169861","-3.3586056232452393","-6.09390115737915","0.8961027264595032","0.8597038388252258","0.9787732362747192","0.8061056137084961","0.8739344477653503","0.63935786485672","","0.5739140510559082","","","0.5688764452934265","","","","1","-0.7014942169189453","1","1","","","0.17107105255126953","1","","","0.11469507217407228","-0.11898714303970336","0.13711434602737427","-0.025538921356201172","-0.991627037525177","0.11903637647628784","-0.05746734142303467","-0.40423136949539185","0.11415719985961914","-2.060298204421997","0.06571400165557861","0.033228933811187744","-0.10994917154312134","0.4088484644889831","-1.7719587087631226","0.20733922719955444","0.21159738302230835","-0.29496580362319946","-0.19221723079681396","-1.20432448387146","0","0","0","0","2","0","0","0","0","2","0","0","0","0","2","0","0","0","0","2","0.5102612972259521","0.966040849685669","0.9603751301765442","1.3546547889709473","0.5527758002281189","1.131658911705017","0.9759981632232666","0.7200266122817993","0.7166048884391785","0.977592408657074","0.5457977652549744","0.6755088567733765","1.117674469947815","1.3290729522705078","0.924317479133606","0.7708051204681396","1.2197418212890625","0.8080636858940125","0.889240562915802","0.5809506177902222","1","1","1","1","1","1","1","1","1","1","1","1","1","1","1","1","1","1","1","1","-5.7092604637146","0.8837486505508423","0.8940935730934143","0.8603975176811218","0.978306770324707","0.8021968603134155","","","","","","","","","","","","","","","","","","","","","","","","","","","","","","","","","","","","","","","","","","","","","","","","","","","","","","","","","","","","","","","","","","","","","","0.903584361076355","0.9099751710891724","0.8578949570655823","0.9755356907844543","0.8709316849708557","","","","","","","","","","","","","","","","","","","","","","","","","","","","","","","","","","","","","","","","","","","","","","","","","","","","","","","","","","","","","","","","","","","","","","","","","","","","","","","","","","","","","","","","","","","","","","","","","","","","","","","","","","","","","","","","","","","","","","","","","","","","","","","","","","",""
"olive-thunder-1553","6u5ug3pz","finished","-","","2023-05-16T07:45:14.000Z","27921","[[0,1,0,1],[0,0,0,0],[0,0,0,0],[0,0,0,0]]","nonlinear","3","2","true","true","false","0.0005","","cosine","4096","spline","12","true","false","true","1","/home/akekic/repos/multi-env-crl/checkpoints_ica","false","graph-4-random-1","","4","150","perfect-stochastic","gaussian","mean","10","true","0","true","","[""1.0"",[0.3071022033691406,1],""1.0"",[2.5140576362609863,1]]","0","nonlinear","3","","true","[[0,0,0,0],[1,0,0,0],[0,1,0,0],[0,0,1,0],[0,0,0,1]]","1e-7","-5","","true","128","3","","5","false","false","false","","","149","","","","","","","","","","","","","","","","","","","","","","","","","","","","","","","-8.877367973327637","","","","","","","","","29400","","","","","","","","","","","","9.034310340881348","","-9.034310340881348","-4.477604389190674","0.7100990414619446","-3.4037115573883057","-10.833480834960938","0.8483926653862","0.9048228859901428","0.9495025277137756","0.1376781314611435","0.7924487590789795","0.6521548628807068","","0.5183767676353455","","","0.6461049914360046","","","","1","0.3071022033691406","1","1","","","2.5140576362609863","1","","","0.11469507217407228","-0.11898714303970336","0.13711434602737427","-0.025538921356201172","1.187364935874939","0.11903637647628784","-0.05746734142303467","-0.40423136949539185","0.11415719985961914","-2.071376323699951","0.06571400165557861","0.033228933811187744","-0.10994917154312134","0.4088484644889831","2.0391058921813965","0.20733922719955444","0.21159738302230835","-0.29496580362319946","-0.19221723079681396","0.9638403058052064","0","0","0","0","2","0","0","0","0","2","0","0","0","0","2","0","0","0","0","2","0.5102612972259521","0.966040849685669","0.9603751301765442","1.3546547889709473","0.6720237731933594","1.131658911705017","0.9759981632232666","0.7200266122817993","0.7166048884391785","1.0477114915847778","0.5457977652549744","0.6755088567733765","1.117674469947815","1.3290729522705078","0.9267849326133728","0.7708051204681396","1.2197418212890625","0.8080636858940125","0.889240562915802","0.8754088282585144","1","1","1","1","1","1","1","1","1","1","1","1","1","1","1","1","1","1","1","1","-9.009817123413086","0.7092443108558655","0.8474204540252686","0.9038726687431335","0.9497671723365784","0.13591688871383667","","","","","","","","","","","","","","","","","","","","","","","","","","","","","","","","","","","","","","","","","","","","","","","","","","","","","","","","","","","","","","","","","","","","","","0.7109861373901367","0.813357949256897","0.9129457473754884","0.9563250541687012","0.1613159030675888","","","","","","","","","","","","","","","","","","","","","","","","","","","","","","","","","","","","","","","","","","","","","","","","","","","","","","","","","","","","","","","","","","","","","","","","","","","","","","","","","","","","","","","","","","","","","","","","","","","","","","","","","","","","","","","","","","","","","","","","","","","","","","","","","","",""
"ruby-gorge-1540","fa4ig1fz","finished","-","","2023-05-16T07:44:29.000Z","28168","[[0,1,0,1],[0,0,0,0],[0,0,0,0],[0,0,0,0]]","nonlinear","3","1","true","true","false","0.0005","","cosine","4096","spline","12","true","false","true","1","/home/akekic/repos/multi-env-crl/checkpoints_ica","false","graph-4-random-1","","4","150","perfect-stochastic","gaussian","mean","10","true","0","true","","[""1.0"",[0.3071022033691406,1],""1.0"",[2.5140576362609863,1]]","0","nonlinear","3","","true","[[0,0,0,0],[1,0,0,0],[0,1,0,0],[0,0,1,0],[0,0,0,1]]","1e-7","-5","","true","128","3","","5","false","false","false","","","149","","","","","","","","","","","","","","","","","","","","","","","","","","","","","","","-9.275249481201172","","","","","","","","","29400","","","","","","","","","","","","9.120084762573242","","-9.120084762573242","-4.491152286529541","0.7604237794876099","-3.5938720703125","-10.822629928588867","0.8549718856811523","0.9123987555503844","0.9659452438354492","0.30837926268577576","0.6684966683387756","0.8055183291435242","","0.7187146544456482","","","0.7930352687835693","","","","1","0.3071022033691406","1","1","","","2.5140576362609863","1","","","0.2576315999031067","-0.22068911790847776","-0.09693074226379396","0.23468446731567383","-1.3767766952514648","0.29985862970352173","-0.1028626561164856","0.2543719410896301","0.06950849294662476","1.176430106163025","0.13868045806884766","0.024665892124176025","0.18261408805847168","-0.19485050439834595","-1.806927800178528","-0.0450136661529541","0.0724719762802124","-0.0019974112510681152","0.43708336353302","-0.9561236500740052","0","0","0","0","2","0","0","0","0","2","0","0","0","0","2","0","0","0","0","2","0.813796877861023","0.6980193257331848","0.9161921739578248","0.7843296527862549","1.0251240730285645","1.0239408016204834","1.29806387424469","1.27176833152771","0.5112245678901672","0.7692421674728394","1.1396819353103638","1.4742777347564695","1.3300299644470217","0.5444311499595642","0.8240817189216614","0.7588339447975159","1.4390559196472168","0.9167155027389526","1.213979721069336","0.9165202379226683","1","1","1","1","1","1","1","1","1","1","1","1","1","1","1","1","1","1","1","1","-9.11141586303711","0.760485053062439","0.8545717597007751","0.9123377203941344","0.9655953645706176","0.30943554639816284","","","","","","","","","","","","","","","","","","","","","","","","","","","","","","","","","","","","","","","","","","","","","","","","","","","","","","","","","","","","","","","","","","","","","","0.7650506496429443","0.8114123344421387","0.9120152592658995","0.9697884321212769","0.3669865131378174","","","","","","","","","","","","","","","","","","","","","","","","","","","","","","","","","","","","","","","","","","","","","","","","","","","","","","","","","","","","","","","","","","","","","","","","","","","","","","","","","","","","","","","","","","","","","","","","","","","","","","","","","","","","","","","","","","","","","","","","","","","","","","","","","","",""