"Name","ID","State","Notes","Tags","Created","Runtime","adjacency_matrix","model","seed","training_seed","learn_scm_params","fixed_params_sharing","initialize_scm_at_gt","lr","gradient_clip_val","lr_scheduler","batch_size","flow_type","k_flows","k_flows_cbn","adjacency_misspecified","exact_trace","fix_mechanisms","check_val_every_n_epoch","checkpoint_root_dir","copy_checkpoint","dgp","input_dim","latent_dim","max_epochs","intervention_type","noise_distr","noise_shift_type","scm_scale","shift_noise","val_plots_every_n_epoch","validation_plots","checkpoint_path","coeff_values","weight_decay","mixing","n_nonlinearities","data_seed","distribution_trainable","intervention_targets_per_env","lr_min","scm_coeffs_low","scm_coeffs_min_abs_value","adjacency_misspec","net_hidden_dim","net_hidden_layers","residual_n_power_series","scm_coeffs_high","brute_force","brute_force_log_det","K_cbn","coeff_values_gt","fix_all_intervention_targets","function_misspec","intervention_target_misspec","net_hidden_dim_cbn","net_hidden_layers_cbn","noise_means_gt/0","noise_means_gt/1","noise_means_gt/2","noise_means_gt/3","noise_means_gt/4","noise_stds_gt/0","noise_stds_gt/1","noise_stds_gt/2","noise_stds_gt/3","noise_stds_gt/4","nonparametric_base_distr","scm","snr","det_terms_loss","det_terms_loss/dataloader_idx_0","epoch","jacobian_gt_log_det","jacobian_gt_log_det/dataloader_idx_0","jacobian_gt_mean","jacobian_gt_mean/dataloader_idx_0","jacobian_log_det","jacobian_log_det/dataloader_idx_0","jacobian_mean","jacobian_mean/dataloader_idx_0","loss","loss/dataloader_idx_0","mcc/dataloader_idx_0","prob_terms_loss","prob_terms_loss/dataloader_idx_0","test_amari/dataloader_idx_0","test_amari_distance/dataloader_idx_0","test_det_terms_loss/dataloader_idx_0","test_jacobian_gt_logdet/dataloader_idx_0","test_jacobian_gt_mean/dataloader_idx_0","test_jacobian_logdet/dataloader_idx_0","test_loss/dataloader_idx_0","test_loss_gt/dataloader_idx_0","test_mcc/dataloader_idx_0","test_prob_terms_loss/dataloader_idx_0","train_det_terms_loss","train_det_terms_loss_gt","train_jacobian_gt_logdet","train_jacobian_gt_mean","train_jacobian_logdet","train_jacobian_mean","train_loss","train_loss/dataloader_idx_0","train_loss_gt","train_prob_terms_loss","train_prob_terms_loss_gt","train_v_hat_mean","train_v_hat_std","train_v_mean","train_v_std","trainer/global_step","val_amari/dataloader_idx_0","val_amari_distance/dataloader_idx_0","val_det_terms_loss/dataloader_idx_0","val_jacobian_gt_logdet/dataloader_idx_0","val_jacobian_gt_mean/dataloader_idx_0","val_jacobian_logdet/dataloader_idx_0","val_jacobian_mean/dataloader_idx_0","val_loss/dataloader_idx_0","val_loss_gt/dataloader_idx_0","val_mcc/dataloader_idx_0","val_prob_terms_loss/dataloader_idx_0","val_determinant_terms","val_determinant_terms_gt","val_loss","val_loss_gt","val_mcc","val_prob_terms","val_prob_terms_gt","val_mcc_0","val_mcc_1","val_mcc_2","val_mcc_3","q0_coeffs_0_0","q0_coeffs_1_0","q0_coeffs_1_1","q0_coeffs_2_0","q0_coeffs_2_1","q0_coeffs_2_2","q0_coeffs_3_0","q0_coeffs_3_1","q0_coeffs_3_2","q0_coeffs_3_3","q0_coeffs_gt_0_0","q0_coeffs_gt_1_0","q0_coeffs_gt_1_1","q0_coeffs_gt_2_0","q0_coeffs_gt_2_1","q0_coeffs_gt_2_2","q0_coeffs_gt_3_0","q0_coeffs_gt_3_1","q0_coeffs_gt_3_2","q0_coeffs_gt_3_3","q0_noise_means_0_0","q0_noise_means_0_1","q0_noise_means_0_2","q0_noise_means_0_3","q0_noise_means_1_0","q0_noise_means_1_1","q0_noise_means_1_2","q0_noise_means_1_3","q0_noise_means_2_0","q0_noise_means_2_1","q0_noise_means_2_2","q0_noise_means_2_3","q0_noise_means_3_0","q0_noise_means_3_1","q0_noise_means_3_2","q0_noise_means_3_3","q0_noise_means_4_0","q0_noise_means_4_1","q0_noise_means_4_2","q0_noise_means_4_3","q0_noise_means_gt_0_0","q0_noise_means_gt_0_1","q0_noise_means_gt_0_2","q0_noise_means_gt_0_3","q0_noise_means_gt_1_0","q0_noise_means_gt_1_1","q0_noise_means_gt_1_2","q0_noise_means_gt_1_3","q0_noise_means_gt_2_0","q0_noise_means_gt_2_1","q0_noise_means_gt_2_2","q0_noise_means_gt_2_3","q0_noise_means_gt_3_0","q0_noise_means_gt_3_1","q0_noise_means_gt_3_2","q0_noise_means_gt_3_3","q0_noise_means_gt_4_0","q0_noise_means_gt_4_1","q0_noise_means_gt_4_2","q0_noise_means_gt_4_3","q0_noise_stds_0_0","q0_noise_stds_0_1","q0_noise_stds_0_2","q0_noise_stds_0_3","q0_noise_stds_1_0","q0_noise_stds_1_1","q0_noise_stds_1_2","q0_noise_stds_1_3","q0_noise_stds_2_0","q0_noise_stds_2_1","q0_noise_stds_2_2","q0_noise_stds_2_3","q0_noise_stds_3_0","q0_noise_stds_3_1","q0_noise_stds_3_2","q0_noise_stds_3_3","q0_noise_stds_4_0","q0_noise_stds_4_1","q0_noise_stds_4_2","q0_noise_stds_4_3","q0_noise_stds_gt_0_0","q0_noise_stds_gt_0_1","q0_noise_stds_gt_0_2","q0_noise_stds_gt_0_3","q0_noise_stds_gt_1_0","q0_noise_stds_gt_1_1","q0_noise_stds_gt_1_2","q0_noise_stds_gt_1_3","q0_noise_stds_gt_2_0","q0_noise_stds_gt_2_1","q0_noise_stds_gt_2_2","q0_noise_stds_gt_2_3","q0_noise_stds_gt_3_0","q0_noise_stds_gt_3_1","q0_noise_stds_gt_3_2","q0_noise_stds_gt_3_3","q0_noise_stds_gt_4_0","q0_noise_stds_gt_4_1","q0_noise_stds_gt_4_2","q0_noise_stds_gt_4_3","test_loss","test_mcc","test_mcc_0","test_mcc_1","test_mcc_2","test_mcc_3","q0_noise_means_5_0","q0_noise_means_5_1","q0_noise_means_5_2","q0_noise_means_5_3","q0_noise_means_6_0","q0_noise_means_6_1","q0_noise_means_6_2","q0_noise_means_6_3","q0_noise_means_7_0","q0_noise_means_7_1","q0_noise_means_7_2","q0_noise_means_7_3","q0_noise_means_8_0","q0_noise_means_8_1","q0_noise_means_8_2","q0_noise_means_8_3","q0_noise_means_gt_5_0","q0_noise_means_gt_5_1","q0_noise_means_gt_5_2","q0_noise_means_gt_5_3","q0_noise_means_gt_6_0","q0_noise_means_gt_6_1","q0_noise_means_gt_6_2","q0_noise_means_gt_6_3","q0_noise_means_gt_7_0","q0_noise_means_gt_7_1","q0_noise_means_gt_7_2","q0_noise_means_gt_7_3","q0_noise_means_gt_8_0","q0_noise_means_gt_8_1","q0_noise_means_gt_8_2","q0_noise_means_gt_8_3","q0_noise_stds_5_0","q0_noise_stds_5_1","q0_noise_stds_5_2","q0_noise_stds_5_3","q0_noise_stds_6_0","q0_noise_stds_6_1","q0_noise_stds_6_2","q0_noise_stds_6_3","q0_noise_stds_7_0","q0_noise_stds_7_1","q0_noise_stds_7_2","q0_noise_stds_7_3","q0_noise_stds_8_0","q0_noise_stds_8_1","q0_noise_stds_8_2","q0_noise_stds_8_3","q0_noise_stds_gt_5_0","q0_noise_stds_gt_5_1","q0_noise_stds_gt_5_2","q0_noise_stds_gt_5_3","q0_noise_stds_gt_6_0","q0_noise_stds_gt_6_1","q0_noise_stds_gt_6_2","q0_noise_stds_gt_6_3","q0_noise_stds_gt_7_0","q0_noise_stds_gt_7_1","q0_noise_stds_gt_7_2","q0_noise_stds_gt_7_3","q0_noise_stds_gt_8_0","q0_noise_stds_gt_8_1","q0_noise_stds_gt_8_2","q0_noise_stds_gt_8_3","val_mcc_pearson","val_mcc_pearson_0","val_mcc_pearson_1","val_mcc_pearson_2","val_mcc_pearson_3","val_mcc_spearman","val_mcc_spearman_0","val_mcc_spearman_1","val_mcc_spearman_2","val_mcc_spearman_3","q0_coeffs_4_0","q0_coeffs_4_1","q0_coeffs_4_2","q0_coeffs_4_3","q0_coeffs_5_0","q0_coeffs_5_1","q0_coeffs_5_2","q0_coeffs_5_3","q0_coeffs_5_4","q0_coeffs_6_0","q0_coeffs_6_1","q0_coeffs_6_2","q0_coeffs_6_3","q0_coeffs_gt_4_0","q0_coeffs_gt_4_1","q0_coeffs_gt_4_2","q0_coeffs_gt_4_3","q0_coeffs_gt_5_0","q0_coeffs_gt_5_1","q0_coeffs_gt_5_2","q0_coeffs_gt_5_3","q0_coeffs_gt_5_4","q0_coeffs_gt_6_0","q0_coeffs_gt_6_1","q0_coeffs_gt_6_2","q0_coeffs_gt_6_3","q0_noise_means_0_4","q0_noise_means_0_5","q0_noise_means_0_6","q0_noise_means_1_4","q0_noise_means_1_5","q0_noise_means_1_6","q0_noise_means_2_4","q0_noise_means_2_5","q0_noise_means_2_6","q0_noise_means_3_4","q0_noise_means_3_5","q0_noise_means_3_6","q0_noise_means_4_4","q0_noise_means_4_5","q0_noise_means_4_6","q0_noise_means_5_4","q0_noise_means_5_5","q0_noise_means_5_6","q0_noise_means_6_4","q0_noise_means_6_5","q0_noise_means_6_6","q0_noise_means_7_4","q0_noise_means_7_5","q0_noise_means_7_6","q0_noise_means_gt_0_4","q0_noise_means_gt_0_5","q0_noise_means_gt_0_6","q0_noise_means_gt_1_4","q0_noise_means_gt_1_5","q0_noise_means_gt_1_6","q0_noise_means_gt_2_4","q0_noise_means_gt_2_5","q0_noise_means_gt_2_6","q0_noise_means_gt_3_4","q0_noise_means_gt_3_5","q0_noise_means_gt_3_6","q0_noise_means_gt_4_4","q0_noise_means_gt_4_5","q0_noise_means_gt_4_6","q0_noise_means_gt_5_4","q0_noise_means_gt_5_5","q0_noise_means_gt_5_6","q0_noise_means_gt_6_4","q0_noise_means_gt_6_5","q0_noise_means_gt_6_6","q0_noise_means_gt_7_4","q0_noise_means_gt_7_5","q0_noise_means_gt_7_6","q0_noise_stds_0_4","q0_noise_stds_0_5","q0_noise_stds_0_6","q0_noise_stds_1_4","q0_noise_stds_1_5","q0_noise_stds_1_6","q0_noise_stds_2_4","q0_noise_stds_2_5","q0_noise_stds_2_6","q0_noise_stds_3_4","q0_noise_stds_3_5","q0_noise_stds_3_6","q0_noise_stds_4_4","q0_noise_stds_4_5","q0_noise_stds_4_6","q0_noise_stds_5_4","q0_noise_stds_5_5","q0_noise_stds_5_6","q0_noise_stds_6_4","q0_noise_stds_6_5","q0_noise_stds_6_6","q0_noise_stds_7_4","q0_noise_stds_7_5","q0_noise_stds_7_6","q0_noise_stds_gt_0_4","q0_noise_stds_gt_0_5","q0_noise_stds_gt_0_6","q0_noise_stds_gt_1_4","q0_noise_stds_gt_1_5","q0_noise_stds_gt_1_6","q0_noise_stds_gt_2_4","q0_noise_stds_gt_2_5","q0_noise_stds_gt_2_6","q0_noise_stds_gt_3_4","q0_noise_stds_gt_3_5","q0_noise_stds_gt_3_6","q0_noise_stds_gt_4_4","q0_noise_stds_gt_4_5","q0_noise_stds_gt_4_6","q0_noise_stds_gt_5_4","q0_noise_stds_gt_5_5","q0_noise_stds_gt_5_6","q0_noise_stds_gt_6_4","q0_noise_stds_gt_6_5","q0_noise_stds_gt_6_6","q0_noise_stds_gt_7_4","q0_noise_stds_gt_7_5","q0_noise_stds_gt_7_6","test_mcc_4","test_mcc_5","test_mcc_6","val_mcc_4","val_mcc_5","val_mcc_6","val_mcc_spearman_4","val_mcc_spearman_5","val_mcc_spearman_6"
"warm-jazz-2925","16rccdh4","finished","-","","2023-07-13T10:10:06.000Z","38674","[[0,1,0,1],[0,0,1,0],[0,0,0,1],[0,0,0,0]]","nonlinear","7","2","true","","false","0.0005","","cosine","4096","spline","12","3","false","","true","1","/home/akekic/repos/multi-env-crl/checkpoints_ica","false","graph-4-random-1","","4","100","","","mean","","true","","","","","0","nonlinear","3","","true","[[0,0,0,0],[1,0,0,0],[0,1,0,0],[0,0,1,0],[0,0,0,1]]","1e-7","-1","","false","128","3","","1","","","3","","false","false","false","128","3","","","","","","","","","","","true","location-scale","1","","","99","","","","","","","","","","","","","","","","","","","","","","","","","","","","","","-10.755964279174805","","","","","","","","","19600","","","","","","","","","","","","10.546215057373049","","-10.546215057373049","1.0261183977127075","0.7324243187904358","-2.2770705223083496","-15.06705093383789","0.8307170271873474","0.8252365589141846","0.4564061760902405","0.8173375129699707","","","","","","","","","","","","","","","","","","","","","","","","","","","","","","","","","","","","","","","","","","","","","","","","","","","","","","","","","","","","","","","","","","","","","","","","","","","","","","","","","","","","","","","","","","","","","","","","","","","","","-23.628625869750977","0.7308619022369385","0.8294084668159485","0.82386714220047","0.45346972346305847","0.8167024254798889","","","","","","","","","","","","","","","","","","","","","","","","","","","","","","","","","","","","","","","","","","","","","","","","","","","","","","","","","","","","","","","","","","","","","","0.6761736869812012","0.8075516223907471","0.7817004919052124","0.3680955469608307","0.7473471164703369","","","","","","","","","","","","","","","","","","","","","","","","","","","","","","","","","","","","","","","","","","","","","","","","","","","","","","","","","","","","","","","","","","","","","","","","","","","","","","","","","","","","","","","","","","","","","","","","","","","","","","","","","","","","","","","","","","","","","","","","","","","","","","","","","","",""
"summer-vortex-2924","kz1jmdhz","finished","-","","2023-07-13T10:10:06.000Z","37869","[[0,1,0,0],[0,0,0,0],[0,0,0,1],[0,0,0,0]]","nonlinear","9","1","true","","false","0.0005","","cosine","4096","spline","12","3","false","","true","1","/home/akekic/repos/multi-env-crl/checkpoints_ica","false","graph-4-random-1","","4","100","","","mean","","true","","","","","0","nonlinear","3","","true","[[0,0,0,0],[1,0,0,0],[0,1,0,0],[0,0,1,0],[0,0,0,1]]","1e-7","-1","","false","128","3","","1","","","3","","false","false","false","128","3","","","","","","","","","","","true","location-scale","1","","","99","","","","","","","","","","","","","","","","","","","","","","","","","","","","","","-9.619016647338867","","","","","","","","","19600","","","","","","","","","","","","9.66143798828125","","-9.66143798828125","11.768202781677246","0.8271266222000122","-1.1341480016708374","-22.92605209350586","0.9255558848381042","0.9107283353805542","0.8988224267959595","0.5734001398086548","","","","","","","","","","","","","","","","","","","","","","","","","","","","","","","","","","","","","","","","","","","","","","","","","","","","","","","","","","","","","","","","","","","","","","","","","","","","","","","","","","","","","","","","","","","","","","","","","","","","","-22.373584747314453","0.8270456790924072","0.9250796437263488","0.9095398187637328","0.8999665975570679","0.5735964775085449","","","","","","","","","","","","","","","","","","","","","","","","","","","","","","","","","","","","","","","","","","","","","","","","","","","","","","","","","","","","","","","","","","","","","","0.648374080657959","0.9291746020317078","0.6063053011894226","0.8841413855552673","0.1738751083612442","","","","","","","","","","","","","","","","","","","","","","","","","","","","","","","","","","","","","","","","","","","","","","","","","","","","","","","","","","","","","","","","","","","","","","","","","","","","","","","","","","","","","","","","","","","","","","","","","","","","","","","","","","","","","","","","","","","","","","","","","","","","","","","","","","",""
"dainty-glade-2923","3kd5u6om","finished","-","","2023-07-13T10:10:05.000Z","37472","[[0,1,1,1],[0,0,0,0],[0,0,0,1],[0,0,0,0]]","nonlinear","8","2","true","","false","0.0005","","cosine","4096","spline","12","3","false","","true","1","/home/akekic/repos/multi-env-crl/checkpoints_ica","false","graph-4-random-1","","4","100","","","mean","","true","","","","","0","nonlinear","3","","true","[[0,0,0,0],[1,0,0,0],[0,1,0,0],[0,0,1,0],[0,0,0,1]]","1e-7","-1","","false","128","3","","1","","","3","","false","false","false","128","3","","","","","","","","","","","true","location-scale","1","","","99","","","","","","","","","","","","","","","","","","","","","","","","","","","","","","-9.068129539489746","","","","","","","","","19600","","","","","","","","","","","","9.050921440124512","","-9.050921440124512","9.75386905670166","0.6877055168151855","-1.2617563009262085","-20.609573364257812","0.9247767329216005","0.14898134768009186","0.9136759042739868","0.7633879780769348","","","","","","","","","","","","","","","","","","","","","","","","","","","","","","","","","","","","","","","","","","","","","","","","","","","","","","","","","","","","","","","","","","","","","","","","","","","","","","","","","","","","","","","","","","","","","","","","","","","","","-21.4661808013916","0.6880038976669312","0.9246018528938292","0.1490795910358429","0.9123097658157348","0.7660243511199951","","","","","","","","","","","","","","","","","","","","","","","","","","","","","","","","","","","","","","","","","","","","","","","","","","","","","","","","","","","","","","","","","","","","","","0.7389991283416748","0.9303289651870728","0.5559917092323303","0.7173434495925903","0.7523320913314819","","","","","","","","","","","","","","","","","","","","","","","","","","","","","","","","","","","","","","","","","","","","","","","","","","","","","","","","","","","","","","","","","","","","","","","","","","","","","","","","","","","","","","","","","","","","","","","","","","","","","","","","","","","","","","","","","","","","","","","","","","","","","","","","","","",""
"sandy-energy-2921","3gxhwfib","finished","-","","2023-07-13T10:10:04.000Z","37525","[[0,1,0,0],[0,0,0,0],[0,0,0,1],[0,0,0,0]]","nonlinear","9","2","true","","false","0.0005","","cosine","4096","spline","12","3","false","","true","1","/home/akekic/repos/multi-env-crl/checkpoints_ica","false","graph-4-random-1","","4","100","","","mean","","true","","","","","0","nonlinear","3","","true","[[0,0,0,0],[1,0,0,0],[0,1,0,0],[0,0,1,0],[0,0,0,1]]","1e-7","-1","","false","128","3","","1","","","3","","false","false","false","128","3","","","","","","","","","","","true","location-scale","1","","","99","","","","","","","","","","","","","","","","","","","","","","","","","","","","","","-9.920205116271973","","","","","","","","","19600","","","","","","","","","","","","9.73320484161377","","-9.73320484161377","15.477070808410645","0.9345945715904236","-1.0999795198440552","-26.628707885742188","0.9528541564941406","0.9438272714614868","0.90978342294693","0.9319133758544922","","","","","","","","","","","","","","","","","","","","","","","","","","","","","","","","","","","","","","","","","","","","","","","","","","","","","","","","","","","","","","","","","","","","","","","","","","","","","","","","","","","","","","","","","","","","","","","","","","","","","-22.47117042541504","0.9345300793647766","0.952376127243042","0.9433955550193788","0.9105635285377502","0.9317850470542908","","","","","","","","","","","","","","","","","","","","","","","","","","","","","","","","","","","","","","","","","","","","","","","","","","","","","","","","","","","","","","","","","","","","","","0.8052473068237305","0.960690140724182","0.7307095527648926","0.9034519791603088","0.6261374950408936","","","","","","","","","","","","","","","","","","","","","","","","","","","","","","","","","","","","","","","","","","","","","","","","","","","","","","","","","","","","","","","","","","","","","","","","","","","","","","","","","","","","","","","","","","","","","","","","","","","","","","","","","","","","","","","","","","","","","","","","","","","","","","","","","","",""
"winter-firefly-2920","3pecl3gy","finished","-","","2023-07-13T10:10:04.000Z","35561","[[0,1,1,1],[0,0,0,0],[0,0,0,1],[0,0,0,0]]","nonlinear","8","1","true","","false","0.0005","","cosine","4096","spline","12","3","false","","true","1","/home/akekic/repos/multi-env-crl/checkpoints_ica","false","graph-4-random-1","","4","100","","","mean","","true","","","","","0","nonlinear","3","","true","[[0,0,0,0],[1,0,0,0],[0,1,0,0],[0,0,1,0],[0,0,0,1]]","1e-7","-1","","false","128","3","","1","","","3","","false","false","false","128","3","","","","","","","","","","","true","location-scale","1","","","99","","","","","","","","","","","","","","","","","","","","","","","","","","","","","","-8.973921775817871","","","","","","","","","19600","","","","","","","","","","","","9.06797218322754","","-9.06797218322754","8.68576717376709","0.7229519486427307","-1.9157958030700684","-19.537124633789062","0.7651098966598511","0.8432159423828125","0.8755137920379639","0.40796831250190735","","","","","","","","","","","","","","","","","","","","","","","","","","","","","","","","","","","","","","","","","","","","","","","","","","","","","","","","","","","","","","","","","","","","","","","","","","","","","","","","","","","","","","","","","","","","","","","","","","","","","-21.041088104248047","0.722637951374054","0.7657986879348755","0.8449392318725586","0.8758177161216736","0.40399619936943054","","","","","","","","","","","","","","","","","","","","","","","","","","","","","","","","","","","","","","","","","","","","","","","","","","","","","","","","","","","","","","","","","","","","","","0.46702295541763306","0.6981361508369446","0.11328816413879396","0.6808874011039734","0.3757800757884979","","","","","","","","","","","","","","","","","","","","","","","","","","","","","","","","","","","","","","","","","","","","","","","","","","","","","","","","","","","","","","","","","","","","","","","","","","","","","","","","","","","","","","","","","","","","","","","","","","","","","","","","","","","","","","","","","","","","","","","","","","","","","","","","","","",""
"eager-sun-2922","djzrmkby","finished","-","","2023-07-13T10:10:04.000Z","36008","[[0,1,0,1],[0,0,0,0],[0,0,0,0],[0,0,0,0]]","nonlinear","3","1","true","","false","0.0005","","cosine","4096","spline","12","3","false","","true","1","/home/akekic/repos/multi-env-crl/checkpoints_ica","false","graph-4-random-1","","4","100","","","mean","","true","","","","","0","nonlinear","3","","true","[[0,0,0,0],[1,0,0,0],[0,1,0,0],[0,0,1,0],[0,0,0,1]]","1e-7","-1","","false","128","3","","1","","","3","","false","false","false","128","3","","","","","","","","","","","true","location-scale","1","","","99","","","","","","","","","","","","","","","","","","","","","","","","","","","","","","-10.815083503723145","","","","","","","","","19600","","","","","","","","","","","","10.802057266235352","","-10.802057266235352","13.835193634033203","0.9086642265319824","-0.7840980291366577","-27.17654800415039","0.9118285775184632","0.9694778323173524","0.9288589358329772","0.8244916200637817","","","","","","","","","","","","","","","","","","","","","","","","","","","","","","","","","","","","","","","","","","","","","","","","","","","","","","","","","","","","","","","","","","","","","","","","","","","","","","","","","","","","","","","","","","","","","","","","","","","","","-23.72846031188965","0.908090114593506","0.9133980870246888","0.9694702625274658","0.9283340573310852","0.8211581110954285","","","","","","","","","","","","","","","","","","","","","","","","","","","","","","","","","","","","","","","","","","","","","","","","","","","","","","","","","","","","","","","","","","","","","","0.8402249813079834","0.9291873574256896","0.975268006324768","0.9311540126800536","0.5252905488014221","","","","","","","","","","","","","","","","","","","","","","","","","","","","","","","","","","","","","","","","","","","","","","","","","","","","","","","","","","","","","","","","","","","","","","","","","","","","","","","","","","","","","","","","","","","","","","","","","","","","","","","","","","","","","","","","","","","","","","","","","","","","","","","","","","",""
"devout-dream-2916","11vrax4f","finished","-","","2023-07-13T10:10:03.000Z","32210","[[0,1,0,1],[0,0,1,0],[0,0,0,1],[0,0,0,0]]","nonlinear","7","0","true","","false","0.0005","","cosine","4096","spline","12","3","false","","true","1","/home/akekic/repos/multi-env-crl/checkpoints_ica","false","graph-4-random-1","","4","100","","","mean","","true","","","","","0","nonlinear","3","","true","[[0,0,0,0],[1,0,0,0],[0,1,0,0],[0,0,1,0],[0,0,0,1]]","1e-7","-1","","false","128","3","","1","","","3","","false","false","false","128","3","","","","","","","","","","","true","location-scale","1","","","99","","","","","","","","","","","","","","","","","","","","","","","","","","","","","","-10.71599292755127","","","","","","","","","19600","","","","","","","","","","","","10.66329288482666","","-10.66329288482666","-1.1487926244735718","0.8090205788612366","-2.2947919368743896","-12.89201545715332","0.9019339680671692","0.8459031581878662","0.6326299905776978","0.8556153774261475","","","","","","","","","","","","","","","","","","","","","","","","","","","","","","","","","","","","","","","","","","","","","","","","","","","","","","","","","","","","","","","","","","","","","","","","","","","","","","","","","","","","","","","","","","","","","","","","","","","","","-23.492900848388672","0.8072555065155029","0.9013657569885254","0.8435556292533875","0.6297010779380798","0.8543994426727295","","","","","","","","","","","","","","","","","","","","","","","","","","","","","","","","","","","","","","","","","","","","","","","","","","","","","","","","","","","","","","","","","","","","","","0.7903292179107666","0.9071120023727416","0.8593609929084778","0.564314067363739","0.8305297493934631","","","","","","","","","","","","","","","","","","","","","","","","","","","","","","","","","","","","","","","","","","","","","","","","","","","","","","","","","","","","","","","","","","","","","","","","","","","","","","","","","","","","","","","","","","","","","","","","","","","","","","","","","","","","","","","","","","","","","","","","","","","","","","","","","","",""
"ruby-vortex-2915","2ld6ff9k","finished","-","","2023-07-13T10:10:03.000Z","32101","[[0,1,1,1],[0,0,0,0],[0,0,0,1],[0,0,0,0]]","nonlinear","8","0","true","","false","0.0005","","cosine","4096","spline","12","3","false","","true","1","/home/akekic/repos/multi-env-crl/checkpoints_ica","false","graph-4-random-1","","4","100","","","mean","","true","","","","","0","nonlinear","3","","true","[[0,0,0,0],[1,0,0,0],[0,1,0,0],[0,0,1,0],[0,0,0,1]]","1e-7","-1","","false","128","3","","1","","","3","","false","false","false","128","3","","","","","","","","","","","true","location-scale","1","","","99","","","","","","","","","","","","","","","","","","","","","","","","","","","","","","-9.126394271850586","","","","","","","","","19600","","","","","","","","","","","","9.120399475097656","","-9.120399475097656","7.849543571472168","0.7547916769981384","-1.8790152072906496","-18.713747024536133","0.8889753818511963","0.9208369851112366","0.871584415435791","0.3377699553966522","","","","","","","","","","","","","","","","","","","","","","","","","","","","","","","","","","","","","","","","","","","","","","","","","","","","","","","","","","","","","","","","","","","","","","","","","","","","","","","","","","","","","","","","","","","","","","","","","","","","","-21.039365768432617","0.7535539269447327","0.8875621557235718","0.9218506813049316","0.8706199526786804","0.334183007478714","","","","","","","","","","","","","","","","","","","","","","","","","","","","","","","","","","","","","","","","","","","","","","","","","","","","","","","","","","","","","","","","","","","","","","0.5899308323860168","0.8760586977005005","0.4863274395465851","0.7421125173568726","0.25522464513778687","","","","","","","","","","","","","","","","","","","","","","","","","","","","","","","","","","","","","","","","","","","","","","","","","","","","","","","","","","","","","","","","","","","","","","","","","","","","","","","","","","","","","","","","","","","","","","","","","","","","","","","","","","","","","","","","","","","","","","","","","","","","","","","","","","",""
"genial-breeze-2917","3mg6j249","finished","-","","2023-07-13T10:10:03.000Z","38531","[[0,1,0,1],[0,0,1,0],[0,0,0,1],[0,0,0,0]]","nonlinear","7","1","true","","false","0.0005","","cosine","4096","spline","12","3","false","","true","1","/home/akekic/repos/multi-env-crl/checkpoints_ica","false","graph-4-random-1","","4","100","","","mean","","true","","","","","0","nonlinear","3","","true","[[0,0,0,0],[1,0,0,0],[0,1,0,0],[0,0,1,0],[0,0,0,1]]","1e-7","-1","","false","128","3","","1","","","3","","false","false","false","128","3","","","","","","","","","","","true","location-scale","1","","","99","","","","","","","","","","","","","","","","","","","","","","","","","","","","","","-10.563935279846191","","","","","","","","","19600","","","","","","","","","","","","10.701862335205078","","-10.701862335205078","-1.1206308603286743","0.8633739948272705","-2.270803213119507","-12.941007614135742","0.911077916622162","0.8704714179039001","0.7819628715515137","0.8899837732315063","","","","","","","","","","","","","","","","","","","","","","","","","","","","","","","","","","","","","","","","","","","","","","","","","","","","","","","","","","","","","","","","","","","","","","","","","","","","","","","","","","","","","","","","","","","","","","","","","","","","","-23.69240951538086","0.8642362356185913","0.9113658666610718","0.874260425567627","0.7813686728477478","0.8899500370025635","","","","","","","","","","","","","","","","","","","","","","","","","","","","","","","","","","","","","","","","","","","","","","","","","","","","","","","","","","","","","","","","","","","","","","0.8605934977531433","0.9204683899879456","0.898487389087677","0.7673015594482422","0.8561165928840637","","","","","","","","","","","","","","","","","","","","","","","","","","","","","","","","","","","","","","","","","","","","","","","","","","","","","","","","","","","","","","","","","","","","","","","","","","","","","","","","","","","","","","","","","","","","","","","","","","","","","","","","","","","","","","","","","","","","","","","","","","","","","","","","","","",""
"scarlet-morning-2918","fd3aet9a","finished","-","","2023-07-13T10:10:03.000Z","32693","[[0,0,1,0],[0,0,1,0],[0,0,0,1],[0,0,0,0]]","nonlinear","6","1","true","","false","0.0005","","cosine","4096","spline","12","3","false","","true","1","/home/akekic/repos/multi-env-crl/checkpoints_ica","false","graph-4-random-1","","4","100","","","mean","","true","","","","","0","nonlinear","3","","true","[[0,0,0,0],[1,0,0,0],[0,1,0,0],[0,0,1,0],[0,0,0,1]]","1e-7","-1","","false","128","3","","1","","","3","","false","false","false","128","3","","","","","","","","","","","true","location-scale","1","","","99","","","","","","","","","","","","","","","","","","","","","","","","","","","","","","-6.745516777038574","","","","","","","","","19600","","","","","","","","","","","","6.6156487464904785","","-6.6156487464904785","1.3876687288284302","0.9244482517242432","-3.347904920578003","-12.962302207946776","0.9652928709983826","0.9243440628051758","0.8568972945213318","0.951258659362793","","","","","","","","","","","","","","","","","","","","","","","","","","","","","","","","","","","","","","","","","","","","","","","","","","","","","","","","","","","","","","","","","","","","","","","","","","","","","","","","","","","","","","","","","","","","","","","","","","","","","-20.6917724609375","0.9252408146858216","0.9656032919883728","0.92521071434021","0.8590467572212219","0.9511024355888368","","","","","","","","","","","","","","","","","","","","","","","","","","","","","","","","","","","","","","","","","","","","","","","","","","","","","","","","","","","","","","","","","","","","","","0.9090784788131714","0.9837294816970824","0.9376394748687744","0.7915348410606384","0.923410177230835","","","","","","","","","","","","","","","","","","","","","","","","","","","","","","","","","","","","","","","","","","","","","","","","","","","","","","","","","","","","","","","","","","","","","","","","","","","","","","","","","","","","","","","","","","","","","","","","","","","","","","","","","","","","","","","","","","","","","","","","","","","","","","","","","","",""
"curious-fire-2919","y6bf4jdc","finished","-","","2023-07-13T10:10:03.000Z","32251","[[0,1,1,1],[0,0,1,0],[0,0,0,0],[0,0,0,0]]","nonlinear","4","2","true","","false","0.0005","","cosine","4096","spline","12","3","false","","true","1","/home/akekic/repos/multi-env-crl/checkpoints_ica","false","graph-4-random-1","","4","100","","","mean","","true","","","","","0","nonlinear","3","","true","[[0,0,0,0],[1,0,0,0],[0,1,0,0],[0,0,1,0],[0,0,0,1]]","1e-7","-1","","false","128","3","","1","","","3","","false","false","false","128","3","","","","","","","","","","","true","location-scale","1","","","99","","","","","","","","","","","","","","","","","","","","","","","","","","","","","","-11.025182723999023","","","","","","","","","19600","","","","","","","","","","","","11.058324813842772","","-11.058324813842772","13.446849822998049","0.9277127981185912","-0.6341901421546936","-25.07720947265625","0.9663434624671936","0.934766948223114","0.9024214148521424","0.9073193669319152","","","","","","","","","","","","","","","","","","","","","","","","","","","","","","","","","","","","","","","","","","","","","","","","","","","","","","","","","","","","","","","","","","","","","","","","","","","","","","","","","","","","","","","","","","","","","","","","","","","","","-22.60760498046875","0.9275643825531006","0.9663095474243164","0.9357430338859558","0.9016720056533812","0.906532883644104","","","","","","","","","","","","","","","","","","","","","","","","","","","","","","","","","","","","","","","","","","","","","","","","","","","","","","","","","","","","","","","","","","","","","","0.6820449233055115","0.9838889241218568","0.11768557131290436","0.8785523772239685","0.7480528354644775","","","","","","","","","","","","","","","","","","","","","","","","","","","","","","","","","","","","","","","","","","","","","","","","","","","","","","","","","","","","","","","","","","","","","","","","","","","","","","","","","","","","","","","","","","","","","","","","","","","","","","","","","","","","","","","","","","","","","","","","","","","","","","","","","","",""
"cool-salad-2911","2281vg7u","finished","-","","2023-07-13T10:10:02.000Z","37065","[[0,1,1,1],[0,0,1,0],[0,0,0,0],[0,0,0,0]]","nonlinear","4","0","true","","false","0.0005","","cosine","4096","spline","12","3","false","","true","1","/home/akekic/repos/multi-env-crl/checkpoints_ica","false","graph-4-random-1","","4","100","","","mean","","true","","","","","0","nonlinear","3","","true","[[0,0,0,0],[1,0,0,0],[0,1,0,0],[0,0,1,0],[0,0,0,1]]","1e-7","-1","","false","128","3","","1","","","3","","false","false","false","128","3","","","","","","","","","","","true","location-scale","1","","","99","","","","","","","","","","","","","","","","","","","","","","","","","","","","","","-11.12558937072754","","","","","","","","","19600","","","","","","","","","","","","11.073531150817873","","-11.073531150817873","9.36093044281006","0.9302282333374025","-0.6403990983963013","-20.99382781982422","0.96952885389328","0.905879557132721","0.9216649532318116","0.9238396883010864","","","","","","","","","","","","","","","","","","","","","","","","","","","","","","","","","","","","","","","","","","","","","","","","","","","","","","","","","","","","","","","","","","","","","","","","","","","","","","","","","","","","","","","","","","","","","","","","","","","","","-23.031797409057617","0.930065393447876","0.9694646000862122","0.9062172770500184","0.9217703342437744","0.9228093028068542","","","","","","","","","","","","","","","","","","","","","","","","","","","","","","","","","","","","","","","","","","","","","","","","","","","","","","","","","","","","","","","","","","","","","","0.674268364906311","0.9901384115219116","0.013482625596225262","0.912242591381073","0.7812099456787109","","","","","","","","","","","","","","","","","","","","","","","","","","","","","","","","","","","","","","","","","","","","","","","","","","","","","","","","","","","","","","","","","","","","","","","","","","","","","","","","","","","","","","","","","","","","","","","","","","","","","","","","","","","","","","","","","","","","","","","","","","","","","","","","","","",""
"radiant-frog-2912","2v73dvcs","finished","-","","2023-07-13T10:10:02.000Z","35886","[[0,1,0,1],[0,0,0,0],[0,0,0,0],[0,0,0,0]]","nonlinear","3","2","true","","false","0.0005","","cosine","4096","spline","12","3","false","","true","1","/home/akekic/repos/multi-env-crl/checkpoints_ica","false","graph-4-random-1","","4","100","","","mean","","true","","","","","0","nonlinear","3","","true","[[0,0,0,0],[1,0,0,0],[0,1,0,0],[0,0,1,0],[0,0,0,1]]","1e-7","-1","","false","128","3","","1","","","3","","false","false","false","128","3","","","","","","","","","","","true","location-scale","1","","","99","","","","","","","","","","","","","","","","","","","","","","","","","","","","","","-11.088428497314451","","","","","","","","","19600","","","","","","","","","","","","10.97596263885498","","-10.97596263885498","8.716757774353027","0.7924531698226929","-1.236680507659912","-22.06007194519043","0.7244858145713806","0.9152604341506958","0.9341794848442078","0.5958868861198425","","","","","","","","","","","","","","","","","","","","","","","","","","","","","","","","","","","","","","","","","","","","","","","","","","","","","","","","","","","","","","","","","","","","","","","","","","","","","","","","","","","","","","","","","","","","","","","","","","","","","-24.239662170410156","0.7909485101699829","0.7230061292648315","0.9141597151756288","0.9341850876808168","0.5924433469772339","","","","","","","","","","","","","","","","","","","","","","","","","","","","","","","","","","","","","","","","","","","","","","","","","","","","","","","","","","","","","","","","","","","","","","0.8068469762802124","0.6325898766517639","0.9261581301689148","0.9327656626701356","0.7358742952346802","","","","","","","","","","","","","","","","","","","","","","","","","","","","","","","","","","","","","","","","","","","","","","","","","","","","","","","","","","","","","","","","","","","","","","","","","","","","","","","","","","","","","","","","","","","","","","","","","","","","","","","","","","","","","","","","","","","","","","","","","","","","","","","","","","",""
"valiant-silence-2913","83cs6tro","finished","-","","2023-07-13T10:10:02.000Z","35504","[[0,1,0,1],[0,0,0,0],[0,0,0,0],[0,0,0,0]]","nonlinear","3","0","true","","false","0.0005","","cosine","4096","spline","12","3","false","","true","1","/home/akekic/repos/multi-env-crl/checkpoints_ica","false","graph-4-random-1","","4","100","","","mean","","true","","","","","0","nonlinear","3","","true","[[0,0,0,0],[1,0,0,0],[0,1,0,0],[0,0,1,0],[0,0,0,1]]","1e-7","-1","","false","128","3","","1","","","3","","false","false","false","128","3","","","","","","","","","","","true","location-scale","1","","","99","","","","","","","","","","","","","","","","","","","","","","","","","","","","","","-11.146458625793455","","","","","","","","","19600","","","","","","","","","","","","11.08315372467041","","-11.08315372467041","5.493549346923828","0.7919118404388428","-1.3963886499404907","-18.850305557250977","0.9126803874969482","0.8137385249137878","0.9343414306640624","0.5068868398666382","","","","","","","","","","","","","","","","","","","","","","","","","","","","","","","","","","","","","","","","","","","","","","","","","","","","","","","","","","","","","","","","","","","","","","","","","","","","","","","","","","","","","","","","","","","","","","","","","","","","","-23.95946502685547","0.7933778762817383","0.913002610206604","0.8160738348960876","0.9340887665748596","0.510346531867981","","","","","","","","","","","","","","","","","","","","","","","","","","","","","","","","","","","","","","","","","","","","","","","","","","","","","","","","","","","","","","","","","","","","","","0.5480654835700989","0.9301000833511353","0.31230607628822327","0.9368163347244264","0.013039370998740196","","","","","","","","","","","","","","","","","","","","","","","","","","","","","","","","","","","","","","","","","","","","","","","","","","","","","","","","","","","","","","","","","","","","","","","","","","","","","","","","","","","","","","","","","","","","","","","","","","","","","","","","","","","","","","","","","","","","","","","","","","","","","","","","","","",""
"misunderstood-armadillo-2914","lwa0lx61","finished","-","","2023-07-13T10:10:02.000Z","39344","[[0,0,1,0],[0,0,1,0],[0,0,0,1],[0,0,0,0]]","nonlinear","6","0","true","","false","0.0005","","cosine","4096","spline","12","3","false","","true","1","/home/akekic/repos/multi-env-crl/checkpoints_ica","false","graph-4-random-1","","4","100","","","mean","","true","","","","","0","nonlinear","3","","true","[[0,0,0,0],[1,0,0,0],[0,1,0,0],[0,0,1,0],[0,0,0,1]]","1e-7","-1","","false","128","3","","1","","","3","","false","false","false","128","3","","","","","","","","","","","true","location-scale","1","","","99","","","","","","","","","","","","","","","","","","","","","","","","","","","","","","-6.519317626953125","","","","","","","","","19600","","","","","","","","","","","","6.590109348297119","","-6.590109348297119","6.350672721862793","0.8323037624359131","-2.980912446975708","-17.94365692138672","0.7167119979858398","0.9313905239105223","0.759307861328125","0.9218046069145204","","","","","","","","","","","","","","","","","","","","","","","","","","","","","","","","","","","","","","","","","","","","","","","","","","","","","","","","","","","","","","","","","","","","","","","","","","","","","","","","","","","","","","","","","","","","","","","","","","","","","-20.728458404541016","0.8318027257919312","0.7122069001197815","0.931358277797699","0.7628856897354126","0.9207602739334106","","","","","","","","","","","","","","","","","","","","","","","","","","","","","","","","","","","","","","","","","","","","","","","","","","","","","","","","","","","","","","","","","","","","","","0.7580503225326538","0.6228846907615662","0.9242345094680786","0.6391167640686035","0.8459653258323669","","","","","","","","","","","","","","","","","","","","","","","","","","","","","","","","","","","","","","","","","","","","","","","","","","","","","","","","","","","","","","","","","","","","","","","","","","","","","","","","","","","","","","","","","","","","","","","","","","","","","","","","","","","","","","","","","","","","","","","","","","","","","","","","","","",""
"zesty-night-2909","1vvmzpl8","finished","-","","2023-07-13T10:10:01.000Z","38410","[[0,1,0,1],[0,0,1,1],[0,0,0,1],[0,0,0,0]]","nonlinear","5","1","true","","false","0.0005","","cosine","4096","spline","12","3","false","","true","1","/home/akekic/repos/multi-env-crl/checkpoints_ica","false","graph-4-random-1","","4","100","","","mean","","true","","","","","0","nonlinear","3","","true","[[0,0,0,0],[1,0,0,0],[0,1,0,0],[0,0,1,0],[0,0,0,1]]","1e-7","-1","","false","128","3","","1","","","3","","false","false","false","128","3","","","","","","","","","","","true","location-scale","1","","","99","","","","","","","","","","","","","","","","","","","","","","","","","","","","","","-10.54494285583496","","","","","","","","","19600","","","","","","","","","","","","10.70882797241211","","-10.70882797241211","7.1534504890441895","0.8132052421569824","-1.8078813552856443","-20.494308471679688","0.9287562370300292","0.9426277875900269","0.8624356389045715","0.5190011262893677","","","","","","","","","","","","","","","","","","","","","","","","","","","","","","","","","","","","","","","","","","","","","","","","","","","","","","","","","","","","","","","","","","","","","","","","","","","","","","","","","","","","","","","","","","","","","","","","","","","","","-23.6478271484375","0.8137497901916504","0.929240107536316","0.9422963261604308","0.864620566368103","0.518842339515686","","","","","","","","","","","","","","","","","","","","","","","","","","","","","","","","","","","","","","","","","","","","","","","","","","","","","","","","","","","","","","","","","","","","","","0.8409847021102905","0.9452117085456848","0.9517709016799928","0.8030584454536438","0.6638978719711304","","","","","","","","","","","","","","","","","","","","","","","","","","","","","","","","","","","","","","","","","","","","","","","","","","","","","","","","","","","","","","","","","","","","","","","","","","","","","","","","","","","","","","","","","","","","","","","","","","","","","","","","","","","","","","","","","","","","","","","","","","","","","","","","","","",""
"treasured-resonance-2908","2t7d2jx9","finished","-","","2023-07-13T10:10:01.000Z","31706","[[0,1,0,1],[0,0,1,1],[0,0,0,1],[0,0,0,0]]","nonlinear","5","2","true","","false","0.0005","","cosine","4096","spline","12","3","false","","true","1","/home/akekic/repos/multi-env-crl/checkpoints_ica","false","graph-4-random-1","","4","100","","","mean","","true","","","","","0","nonlinear","3","","true","[[0,0,0,0],[1,0,0,0],[0,1,0,0],[0,0,1,0],[0,0,0,1]]","1e-7","-1","","false","128","3","","1","","","3","","false","false","false","128","3","","","","","","","","","","","true","location-scale","1","","","99","","","","","","","","","","","","","","","","","","","","","","","","","","","","","","-10.739892959594728","","","","","","","","","19600","","","","","","","","","","","","10.716460227966309","","-10.716460227966309","6.096484184265137","0.6450708508491516","-1.8157564401626587","-19.438825607299805","0.8264589905738831","0.8129901885986328","0.3654469847679138","0.5753872394561768","","","","","","","","","","","","","","","","","","","","","","","","","","","","","","","","","","","","","","","","","","","","","","","","","","","","","","","","","","","","","","","","","","","","","","","","","","","","","","","","","","","","","","","","","","","","","","","","","","","","","-22.771041870117188","0.6439169049263","0.8263909816741943","0.8120998740196228","0.3599092662334442","0.5772673487663269","","","","","","","","","","","","","","","","","","","","","","","","","","","","","","","","","","","","","","","","","","","","","","","","","","","","","","","","","","","","","","","","","","","","","","0.6468167901039124","0.7870354652404785","0.704032301902771","0.4569042325019837","0.6392950415611267","","","","","","","","","","","","","","","","","","","","","","","","","","","","","","","","","","","","","","","","","","","","","","","","","","","","","","","","","","","","","","","","","","","","","","","","","","","","","","","","","","","","","","","","","","","","","","","","","","","","","","","","","","","","","","","","","","","","","","","","","","","","","","","","","","",""
"drawn-firefly-2909","oqbx46gy","finished","-","","2023-07-13T10:10:01.000Z","39209","[[0,1,0,1],[0,0,1,1],[0,0,0,1],[0,0,0,0]]","nonlinear","5","0","true","","false","0.0005","","cosine","4096","spline","12","3","false","","true","1","/home/akekic/repos/multi-env-crl/checkpoints_ica","false","graph-4-random-1","","4","100","","","mean","","true","","","","","0","nonlinear","3","","true","[[0,0,0,0],[1,0,0,0],[0,1,0,0],[0,0,1,0],[0,0,0,1]]","1e-7","-1","","false","128","3","","1","","","3","","false","false","false","128","3","","","","","","","","","","","true","location-scale","1","","","99","","","","","","","","","","","","","","","","","","","","","","","","","","","","","","-10.743241310119627","","","","","","","","","19600","","","","","","","","","","","","10.772628784179688","","-10.772628784179688","6.000000476837158","0.7420587539672852","-1.8331997394561768","-19.35451316833496","0.8726722002029419","0.8993912935256958","0.7614160180091858","0.4347555637359619","","","","","","","","","","","","","","","","","","","","","","","","","","","","","","","","","","","","","","","","","","","","","","","","","","","","","","","","","","","","","","","","","","","","","","","","","","","","","","","","","","","","","","","","","","","","","","","","","","","","","-23.0838680267334","0.7425905466079712","0.8732549548149109","0.8988276720046997","0.7627168893814087","0.4355626702308655","","","","","","","","","","","","","","","","","","","","","","","","","","","","","","","","","","","","","","","","","","","","","","","","","","","","","","","","","","","","","","","","","","","","","","0.7280882000923157","0.8653468489646912","0.9053583741188048","0.69046550989151","0.451182097196579","","","","","","","","","","","","","","","","","","","","","","","","","","","","","","","","","","","","","","","","","","","","","","","","","","","","","","","","","","","","","","","","","","","","","","","","","","","","","","","","","","","","","","","","","","","","","","","","","","","","","","","","","","","","","","","","","","","","","","","","","","","","","","","","","","",""
"earnest-silence-2907","1kt20a7n","finished","-","","2023-07-13T10:10:00.000Z","36986","[[0,1,0,0],[0,0,0,0],[0,0,0,1],[0,0,0,0]]","nonlinear","9","0","true","","false","0.0005","","cosine","4096","spline","12","3","false","","true","1","/home/akekic/repos/multi-env-crl/checkpoints_ica","false","graph-4-random-1","","4","100","","","mean","","true","","","","","0","nonlinear","3","","true","[[0,0,0,0],[1,0,0,0],[0,1,0,0],[0,0,1,0],[0,0,0,1]]","1e-7","-1","","false","128","3","","1","","","3","","false","false","false","128","3","","","","","","","","","","","true","location-scale","1","","","99","","","","","","","","","","","","","","","","","","","","","","","","","","","","","","-9.77834129333496","","","","","","","","","19600","","","","","","","","","","","","9.696825981140137","","-9.696825981140137","7.007800102233887","0.886853814125061","-2.0504863262176514","-18.17793655395508","0.9226375818252563","0.9156535863876344","0.8951854109764099","0.8139386773109436","","","","","","","","","","","","","","","","","","","","","","","","","","","","","","","","","","","","","","","","","","","","","","","","","","","","","","","","","","","","","","","","","","","","","","","","","","","","","","","","","","","","","","","","","","","","","","","","","","","","","-22.412582397460938","0.8868014812469482","0.9231334924697876","0.9162414073944092","0.8947796821594238","0.8130512237548828","","","","","","","","","","","","","","","","","","","","","","","","","","","","","","","","","","","","","","","","","","","","","","","","","","","","","","","","","","","","","","","","","","","","","","0.6649907827377319","0.929923176765442","0.4613151252269745","0.8791792988777161","0.38954541087150574","","","","","","","","","","","","","","","","","","","","","","","","","","","","","","","","","","","","","","","","","","","","","","","","","","","","","","","","","","","","","","","","","","","","","","","","","","","","","","","","","","","","","","","","","","","","","","","","","","","","","","","","","","","","","","","","","","","","","","","","","","","","","","","","","","",""
"robust-leaf-2906","3sfv8ceq","finished","-","","2023-07-13T10:10:00.000Z","33940","[[0,0,1,0],[0,0,1,0],[0,0,0,1],[0,0,0,0]]","nonlinear","6","2","true","","false","0.0005","","cosine","4096","spline","12","3","false","","true","1","/home/akekic/repos/multi-env-crl/checkpoints_ica","false","graph-4-random-1","","4","100","","","mean","","true","","","","","0","nonlinear","3","","true","[[0,0,0,0],[1,0,0,0],[0,1,0,0],[0,0,1,0],[0,0,0,1]]","1e-7","-1","","false","128","3","","1","","","3","","false","false","false","128","3","","","","","","","","","","","true","location-scale","1","","","99","","","","","","","","","","","","","","","","","","","","","","","","","","","","","","-6.691182613372803","","","","","","","","","19600","","","","","","","","","","","","6.558170795440674","","-6.558170795440674","7.058491230010986","0.8476084470748901","-3.0534744262695312","-18.629384994506836","0.8379536867141724","0.9107916355133056","0.8213582038879395","0.8203302025794983","","","","","","","","","","","","","","","","","","","","","","","","","","","","","","","","","","","","","","","","","","","","","","","","","","","","","","","","","","","","","","","","","","","","","","","","","","","","","","","","","","","","","","","","","","","","","","","","","","","","","-20.729305267333984","0.8480780124664307","0.8364558815956116","0.9116424918174744","0.8233168721199036","0.8208968043327332","","","","","","","","","","","","","","","","","","","","","","","","","","","","","","","","","","","","","","","","","","","","","","","","","","","","","","","","","","","","","","","","","","","","","","0.7662197351455688","0.806169331073761","0.8985750675201416","0.7148340344429016","0.6453005075454712","","","","","","","","","","","","","","","","","","","","","","","","","","","","","","","","","","","","","","","","","","","","","","","","","","","","","","","","","","","","","","","","","","","","","","","","","","","","","","","","","","","","","","","","","","","","","","","","","","","","","","","","","","","","","","","","","","","","","","","","","","","","","","","","","","",""
"fancy-paper-2905","zm4c37qy","finished","-","","2023-07-13T10:10:00.000Z","32402","[[0,1,1,1],[0,0,1,0],[0,0,0,0],[0,0,0,0]]","nonlinear","4","1","true","","false","0.0005","","cosine","4096","spline","12","3","false","","true","1","/home/akekic/repos/multi-env-crl/checkpoints_ica","false","graph-4-random-1","","4","100","","","mean","","true","","","","","0","nonlinear","3","","true","[[0,0,0,0],[1,0,0,0],[0,1,0,0],[0,0,1,0],[0,0,0,1]]","1e-7","-1","","false","128","3","","1","","","3","","false","false","false","128","3","","","","","","","","","","","true","location-scale","1","","","99","","","","","","","","","","","","","","","","","","","","","","","","","","","","","","-11.01788330078125","","","","","","","","","19600","","","","","","","","","","","","11.092297554016112","","-11.092297554016112","19.68421173095703","0.9519809484481812","-0.33313876390457153","-31.30691719055176","0.9537569284439088","0.9587212800979614","0.9428508281707764","0.9525946974754332","","","","","","","","","","","","","","","","","","","","","","","","","","","","","","","","","","","","","","","","","","","","","","","","","","","","","","","","","","","","","","","","","","","","","","","","","","","","","","","","","","","","","","","","","","","","","","","","","","","","","-23.09241485595703","0.9516682624816896","0.9533810615539552","0.9576123356819152","0.9433200359344482","0.9523597955703736","","","","","","","","","","","","","","","","","","","","","","","","","","","","","","","","","","","","","","","","","","","","","","","","","","","","","","","","","","","","","","","","","","","","","","0.8636294007301331","0.9686842560768129","0.7100430727005005","0.9438297748565674","0.8319604396820068","","","","","","","","","","","","","","","","","","","","","","","","","","","","","","","","","","","","","","","","","","","","","","","","","","","","","","","","","","","","","","","","","","","","","","","","","","","","","","","","","","","","","","","","","","","","","","","","","","","","","","","","","","","","","","","","","","","","","","","","","","","","","","","","","","",""
"major-star-2869","3hqov011","finished","-","","2023-07-11T15:46:29.000Z","37708","[[0,0,1,0],[0,0,0,1],[0,0,0,1],[0,0,0,0]]","nonlinear","2","1","true","","false","0.0005","","cosine","4096","spline","12","","false","","true","1","/home/akekic/repos/multi-env-crl/checkpoints_ica","false","graph-4-random-1","","4","100","","","mean","","true","","","","","0","nonlinear","3","","true","[[0,0,0,0],[1,0,0,0],[0,1,0,0],[0,0,1,0],[0,0,0,1]]","1e-7","-1","","false","128","3","","1","","","","","false","false","false","","","","","","","","","","","","","true","location-scale","","","","99","","","","","","","","","","","","","","","","","","","","","","","","","","","","","","-13.526962280273438","","","","","","","","","19600","","","","","","","","","","","","13.247057914733888","","-13.247057914733888","-0.8399698734283447","0.9341199398040771","-2.7729318141937256","-15.85093116760254","0.9555978178977966","0.958672821521759","0.9384398460388184","0.8837693333625793","","","","","","","","","","","","","","","","","","","","","","","","","","","","","","","","","","","","","","","","","","","","","","","","","","","","","","","","","","","","","","","","","","","","","","","","","","","","","","","","","","","","","","","","","","","","","","","","","","","","","-26.893070220947266","0.9337581992149352","0.9556897878646852","0.9584242701530457","0.9379659295082092","0.8829529881477356","","","","","","","","","","","","","","","","","","","","","","","","","","","","","","","","","","","","","","","","","","","","","","","","","","","","","","","","","","","","","","","","","","","","","","0.8834609389305115","0.9701841473579408","0.9743268489837646","0.7439820766448975","0.8453507423400879","","","","","","","","","","","","","","","","","","","","","","","","","","","","","","","","","","","","","","","","","","","","","","","","","","","","","","","","","","","","","","","","","","","","","","","","","","","","","","","","","","","","","","","","","","","","","","","","","","","","","","","","","","","","","","","","","","","","","","","","","","","","","","","","","","",""
"still-grass-2870","8uftzm7h","finished","-","","2023-07-11T15:46:29.000Z","40972","[[0,0,1,0],[0,0,0,1],[0,0,0,1],[0,0,0,0]]","nonlinear","2","2","true","","false","0.0005","","cosine","4096","spline","12","","false","","true","1","/home/akekic/repos/multi-env-crl/checkpoints_ica","false","graph-4-random-1","","4","100","","","mean","","true","","","","","0","nonlinear","3","","true","[[0,0,0,0],[1,0,0,0],[0,1,0,0],[0,0,1,0],[0,0,0,1]]","1e-7","-1","","false","128","3","","1","","","","","false","false","false","","","","","","","","","","","","","true","location-scale","","","","99","","","","","","","","","","","","","","","","","","","","","","","","","","","","","","-13.342721939086914","","","","","","","","","19600","","","","","","","","","","","","13.237640380859377","","-13.237640380859377","-0.5911151766777039","0.9345142841339112","-2.624244451522827","-16.053157806396484","0.9488049745559692","0.9552009105682372","0.91245037317276","0.9216007590293884","","","","","","","","","","","","","","","","","","","","","","","","","","","","","","","","","","","","","","","","","","","","","","","","","","","","","","","","","","","","","","","","","","","","","","","","","","","","","","","","","","","","","","","","","","","","","","","","","","","","","-26.730812072753903","0.9343513250350952","0.9486539363861084","0.9553428292274476","0.912181794643402","0.9212267994880676","","","","","","","","","","","","","","","","","","","","","","","","","","","","","","","","","","","","","","","","","","","","","","","","","","","","","","","","","","","","","","","","","","","","","","0.8854700326919556","0.9600054025650024","0.9800713062286376","0.6929974555969238","0.9088059067726136","","","","","","","","","","","","","","","","","","","","","","","","","","","","","","","","","","","","","","","","","","","","","","","","","","","","","","","","","","","","","","","","","","","","","","","","","","","","","","","","","","","","","","","","","","","","","","","","","","","","","","","","","","","","","","","","","","","","","","","","","","","","","","","","","","",""
"fancy-sun-2868","5vjxlv2g","finished","-","","2023-07-11T15:46:28.000Z","37983","[[0,1,0,0],[0,0,0,0],[0,0,0,1],[0,0,0,0]]","nonlinear","1","1","true","","false","0.0005","","cosine","4096","spline","12","","false","","true","1","/home/akekic/repos/multi-env-crl/checkpoints_ica","false","graph-4-random-1","","4","100","","","mean","","true","","","","","0","nonlinear","3","","true","[[0,0,0,0],[1,0,0,0],[0,1,0,0],[0,0,1,0],[0,0,0,1]]","1e-7","-1","","false","128","3","","1","","","","","false","false","false","","","","","","","","","","","","","true","location-scale","","","","99","","","","","","","","","","","","","","","","","","","","","","","","","","","","","","-7.1476616859436035","","","","","","","","","19600","","","","","","","","","","","","7.197929382324219","","-7.197929382324219","9.131792068481444","0.8334349393844604","-2.9102649688720703","-20.664161682128903","0.8509934544563293","0.8619286417961121","0.68408203125","0.93673574924469","","","","","","","","","","","","","","","","","","","","","","","","","","","","","","","","","","","","","","","","","","","","","","","","","","","","","","","","","","","","","","","","","","","","","","","","","","","","","","","","","","","","","","","","","","","","","","","","","","","","","-20.679990768432617","0.8344388604164124","0.8507164716720581","0.8604291081428528","0.6894104480743408","0.9371994137763976","","","","","","","","","","","","","","","","","","","","","","","","","","","","","","","","","","","","","","","","","","","","","","","","","","","","","","","","","","","","","","","","","","","","","","0.7291233539581299","0.8345159888267517","0.8129597306251526","0.5383530855178833","0.7306647896766663","","","","","","","","","","","","","","","","","","","","","","","","","","","","","","","","","","","","","","","","","","","","","","","","","","","","","","","","","","","","","","","","","","","","","","","","","","","","","","","","","","","","","","","","","","","","","","","","","","","","","","","","","","","","","","","","","","","","","","","","","","","","","","","","","","",""
"wild-tree-2867","j3qsyyr6","finished","-","","2023-07-11T15:46:27.000Z","39276","[[0,1,0,0],[0,0,0,0],[0,0,0,1],[0,0,0,0]]","nonlinear","1","2","true","","false","0.0005","","cosine","4096","spline","12","","false","","true","1","/home/akekic/repos/multi-env-crl/checkpoints_ica","false","graph-4-random-1","","4","100","","","mean","","true","","","","","0","nonlinear","3","","true","[[0,0,0,0],[1,0,0,0],[0,1,0,0],[0,0,1,0],[0,0,0,1]]","1e-7","-1","","false","128","3","","1","","","","","false","false","false","","","","","","","","","","","","","true","location-scale","","","","99","","","","","","","","","","","","","","","","","","","","","","","","","","","","","","-7.068977355957031","","","","","","","","","19600","","","","","","","","","","","","7.221560478210449","","-7.221560478210449","7.777957439422607","0.8485256433486938","-2.8574886322021484","-19.326875686645508","0.9182127714157104","0.901001274585724","0.6557171940803528","0.9191713333129884","","","","","","","","","","","","","","","","","","","","","","","","","","","","","","","","","","","","","","","","","","","","","","","","","","","","","","","","","","","","","","","","","","","","","","","","","","","","","","","","","","","","","","","","","","","","","","","","","","","","","-20.94795799255371","0.8487313985824585","0.9181150197982788","0.9008908867836","0.6562153697013855","0.9197041988372804","","","","","","","","","","","","","","","","","","","","","","","","","","","","","","","","","","","","","","","","","","","","","","","","","","","","","","","","","","","","","","","","","","","","","","0.7529252171516418","0.9366099238395692","0.8855252265930176","0.511037290096283","0.678528368473053","","","","","","","","","","","","","","","","","","","","","","","","","","","","","","","","","","","","","","","","","","","","","","","","","","","","","","","","","","","","","","","","","","","","","","","","","","","","","","","","","","","","","","","","","","","","","","","","","","","","","","","","","","","","","","","","","","","","","","","","","","","","","","","","","","",""
"revived-waterfall-2866","2890kun6","finished","-","","2023-07-11T15:46:24.000Z","37186","[[0,1,1,1],[0,0,0,1],[0,0,0,1],[0,0,0,0]]","nonlinear","0","2","true","","false","0.0005","","cosine","4096","spline","12","","false","","true","1","/home/akekic/repos/multi-env-crl/checkpoints_ica","false","graph-4-random-1","","4","100","","","mean","","true","","","","","0","nonlinear","3","","true","[[0,0,0,0],[1,0,0,0],[0,1,0,0],[0,0,1,0],[0,0,0,1]]","1e-7","-1","","false","128","3","","1","","","","","false","false","false","","","","","","","","","","","","","true","location-scale","","","","99","","","","","","","","","","","","","","","","","","","","","","","","","","","","","","-13.145158767700195","","","","","","","","","19600","","","","","","","","","","","","13.131389617919922","","-13.131389617919922","7.48630428314209","0.8159182071685791","-0.123936764895916","-20.758390426635746","0.9003735780715942","0.9402928948402404","0.6284378170967102","0.7945684790611267","","","","","","","","","","","","","","","","","","","","","","","","","","","","","","","","","","","","","","","","","","","","","","","","","","","","","","","","","","","","","","","","","","","","","","","","","","","","","","","","","","","","","","","","","","","","","","","","","","","","","-25.303682327270508","0.816450834274292","0.8994080424308777","0.9409819841384888","0.6304427981376648","0.7949705719947815","","","","","","","","","","","","","","","","","","","","","","","","","","","","","","","","","","","","","","","","","","","","","","","","","","","","","","","","","","","","","","","","","","","","","","0.6639189720153809","0.9062319397926332","0.8165072798728943","0.14704357087612152","0.7858931422233582","","","","","","","","","","","","","","","","","","","","","","","","","","","","","","","","","","","","","","","","","","","","","","","","","","","","","","","","","","","","","","","","","","","","","","","","","","","","","","","","","","","","","","","","","","","","","","","","","","","","","","","","","","","","","","","","","","","","","","","","","","","","","","","","","","",""
"giddy-silence-2865","iek20siw","finished","-","","2023-07-11T15:46:24.000Z","37179","[[0,0,1,0],[0,0,0,1],[0,0,0,1],[0,0,0,0]]","nonlinear","2","0","true","","false","0.0005","","cosine","4096","spline","12","","false","","true","1","/home/akekic/repos/multi-env-crl/checkpoints_ica","false","graph-4-random-1","","4","100","","","mean","","true","","","","","0","nonlinear","3","","true","[[0,0,0,0],[1,0,0,0],[0,1,0,0],[0,0,1,0],[0,0,0,1]]","1e-7","-1","","false","128","3","","1","","","","","false","false","false","","","","","","","","","","","","","true","location-scale","","","","99","","","","","","","","","","","","","","","","","","","","","","","","","","","","","","-13.066396713256836","","","","","","","","","19600","","","","","","","","","","","","13.217809677124023","","-13.217809677124023","-0.2556549906730652","0.942004919052124","-2.7222659587860107","-16.408063888549805","0.9636669158935548","0.9563150405883788","0.9147359132766724","0.9333018660545348","","","","","","","","","","","","","","","","","","","","","","","","","","","","","","","","","","","","","","","","","","","","","","","","","","","","","","","","","","","","","","","","","","","","","","","","","","","","","","","","","","","","","","","","","","","","","","","","","","","","","-26.775466918945312","0.9417738914489746","0.9633208513259888","0.9561977982521056","0.9141720533370972","0.9334049224853516","","","","","","","","","","","","","","","","","","","","","","","","","","","","","","","","","","","","","","","","","","","","","","","","","","","","","","","","","","","","","","","","","","","","","","0.8929008841514587","0.984076738357544","0.9731431007385254","0.6944531202316284","0.919930636882782","","","","","","","","","","","","","","","","","","","","","","","","","","","","","","","","","","","","","","","","","","","","","","","","","","","","","","","","","","","","","","","","","","","","","","","","","","","","","","","","","","","","","","","","","","","","","","","","","","","","","","","","","","","","","","","","","","","","","","","","","","","","","","","","","","",""
"neat-star-2863","1me4rvsd","finished","-","","2023-07-11T15:46:23.000Z","40455","[[0,1,1,1],[0,0,0,1],[0,0,0,1],[0,0,0,0]]","nonlinear","0","1","true","","false","0.0005","","cosine","4096","spline","12","","false","","true","1","/home/akekic/repos/multi-env-crl/checkpoints_ica","false","graph-4-random-1","","4","100","","","mean","","true","","","","","0","nonlinear","3","","true","[[0,0,0,0],[1,0,0,0],[0,1,0,0],[0,0,1,0],[0,0,0,1]]","1e-7","-1","","false","128","3","","1","","","","","false","false","false","","","","","","","","","","","","","true","location-scale","","","","99","","","","","","","","","","","","","","","","","","","","","","","","","","","","","","-12.909177780151367","","","","","","","","","19600","","","","","","","","","","","","12.865670204162598","","-12.865670204162598","5.0126051902771","0.5449941754341125","0.6634886860847473","-18.296300888061523","0.6362950205802917","0.9581582546234132","0.5068554282188416","0.07866795361042023","","","","","","","","","","","","","","","","","","","","","","","","","","","","","","","","","","","","","","","","","","","","","","","","","","","","","","","","","","","","","","","","","","","","","","","","","","","","","","","","","","","","","","","","","","","","","","","","","","","","","-25.3212947845459","0.5454910397529602","0.6328186988830566","0.9587242007255554","0.5103615522384644","0.08005978912115097","","","","","","","","","","","","","","","","","","","","","","","","","","","","","","","","","","","","","","","","","","","","","","","","","","","","","","","","","","","","","","","","","","","","","","0.4935346841812134","0.7163534164428711","0.7379472255706787","0.4307183921337128","0.08911969512701035","","","","","","","","","","","","","","","","","","","","","","","","","","","","","","","","","","","","","","","","","","","","","","","","","","","","","","","","","","","","","","","","","","","","","","","","","","","","","","","","","","","","","","","","","","","","","","","","","","","","","","","","","","","","","","","","","","","","","","","","","","","","","","","","","","",""
"winter-music-2863","czvigaqz","finished","-","","2023-07-11T15:46:23.000Z","37598","[[0,1,0,0],[0,0,0,0],[0,0,0,1],[0,0,0,0]]","nonlinear","1","0","true","","false","0.0005","","cosine","4096","spline","12","","false","","true","1","/home/akekic/repos/multi-env-crl/checkpoints_ica","false","graph-4-random-1","","4","100","","","mean","","true","","","","","0","nonlinear","3","","true","[[0,0,0,0],[1,0,0,0],[0,1,0,0],[0,0,1,0],[0,0,0,1]]","1e-7","-1","","false","128","3","","1","","","","","false","false","false","","","","","","","","","","","","","true","location-scale","","","","99","","","","","","","","","","","","","","","","","","","","","","","","","","","","","","-7.231393337249756","","","","","","","","","19600","","","","","","","","","","","","7.326517581939697","","-7.326517581939697","4.6793694496154785","0.9572033882141112","-3.1197030544281006","-16.253177642822266","0.9755091667175292","0.946511209011078","0.946320652961731","0.9604727029800416","","","","","","","","","","","","","","","","","","","","","","","","","","","","","","","","","","","","","","","","","","","","","","","","","","","","","","","","","","","","","","","","","","","","","","","","","","","","","","","","","","","","","","","","","","","","","","","","","","","","","-20.92038917541504","0.957463264465332","0.9754427671432496","0.9473682641983032","0.946533739566803","0.9605084657669068","","","","","","","","","","","","","","","","","","","","","","","","","","","","","","","","","","","","","","","","","","","","","","","","","","","","","","","","","","","","","","","","","","","","","","0.9259244203567504","0.9966545701026917","0.9389076828956604","0.9610224366188048","0.8071128726005554","","","","","","","","","","","","","","","","","","","","","","","","","","","","","","","","","","","","","","","","","","","","","","","","","","","","","","","","","","","","","","","","","","","","","","","","","","","","","","","","","","","","","","","","","","","","","","","","","","","","","","","","","","","","","","","","","","","","","","","","","","","","","","","","","","",""
"dauntless-rain-2862","2i953vyd","finished","-","","2023-07-11T15:46:17.000Z","36081","[[0,1,1,1],[0,0,0,1],[0,0,0,1],[0,0,0,0]]","nonlinear","0","0","true","","false","0.0005","","cosine","4096","spline","12","","false","","true","1","/home/akekic/repos/multi-env-crl/checkpoints_ica","false","graph-4-random-1","","4","100","","","mean","","true","","","","","0","nonlinear","3","","true","[[0,0,0,0],[1,0,0,0],[0,1,0,0],[0,0,1,0],[0,0,0,1]]","1e-7","-1","","false","128","3","","1","","","","","false","false","false","","","","","","","","","","","","","true","location-scale","","","","99","","","","","","","","","","","","","","","","","","","","","","","","","","","","","","-13.190404891967772","","","","","","","","","19600","","","","","","","","","","","","13.25102996826172","","-13.25102996826172","3.8361504077911377","0.8568233847618103","-0.007250129245221615","-17.120689392089844","0.9485114216804504","0.9573699831962584","0.7666839957237244","0.7547280192375183","","","","","","","","","","","","","","","","","","","","","","","","","","","","","","","","","","","","","","","","","","","","","","","","","","","","","","","","","","","","","","","","","","","","","","","","","","","","","","","","","","","","","","","","","","","","","","","","","","","","","-25.450740814208984","0.8566868305206299","0.94756019115448","0.9577280879020692","0.7669306397438049","0.7545285820960999","","","","","","","","","","","","","","","","","","","","","","","","","","","","","","","","","","","","","","","","","","","","","","","","","","","","","","","","","","","","","","","","","","","","","","0.701474666595459","0.959854781627655","0.7283714413642883","0.42046841979026794","0.697204053401947","","","","","","","","","","","","","","","","","","","","","","","","","","","","","","","","","","","","","","","","","","","","","","","","","","","","","","","","","","","","","","","","","","","","","","","","","","","","","","","","","","","","","","","","","","","","","","","","","","","","","","","","","","","","","","","","","","","","","","","","","","","","","","","","","","",""